name,category,accepts,yields,endpoint,auth,rate_limit,mode,verified,fetchable,jurisdiction_notes,reliability,notes
archive.today (retrieval),archive,url|domain,url|document|photo,https://archive.today/,none,unknown,passive,yes,no,,C,"Independent snapshot service that disregards robots exclusions and captures pages the Wayback Machine will not, including many social-media pages. Rotates between mirror domains - a request to archive.today was observed landing on archive.ph, and archive.is and archive.li serve the same corpus - and it suffers periodic DNS and availability problems. The operator is anonymous - fine as a lead, weaker as evidence provenance than Internet Archive."
archive.today (submission),archive,url,url|document,https://archive.today/,none,unknown,active,yes,no,,C,"Submitting a URL triggers a live fetch of the target and produces a permanently public snapshot at a shareable short URL. Same exposure trade-off as Save Page Now, with the added issue that you cannot later withdraw the capture."
Arquivo.pt,archive,url|domain|person_name|company,url|document,https://arquivo.pt/,none,unknown,passive,yes,yes,"Portuguese national web archive; deepest coverage of .pt and Portuguese-language sites, including Lusophone Africa and Brazil to a lesser degree.",B,"Its distinguishing feature is full-text search across archived page content, which the Wayback Machine does not offer for the general web - you can find an archived page by a phrase inside it instead of needing to already know the URL. Has a documented public API."
Common Crawl,archive,domain|subdomain|url,url|subdomain|domain,https://commoncrawl.org/,none,unknown,passive,yes,yes,,B,"Free multi-petabyte web crawl published as monthly archives with a per-crawl URL index. The way to enumerate every URL and hostname seen under a domain across years without sending it a single request. Requires bulk-data handling, and per-site coverage is a sample rather than an exhaustive crawl."
Ghostarchive,archive,url,url|video|document,https://ghostarchive.org/,none,unknown,passive,yes,yes,,C,"Archives material other services handle badly, notably YouTube videos and social-media posts, and preserves the media itself rather than an empty page shell. This row covers retrieval of existing captures only; submitting a URL for archiving triggers a live fetch of the target and is active, on the same terms as Save Page Now. Community-run with no institutional backing or funding guarantee - mirror anything you intend to rely on into your own evidence directory immediately."
Wayback Machine (retrieval),archive,url|domain|subdomain,url|document|photo|video,https://web.archive.org/,none,unknown,passive,yes,yes,,B,"Reading existing captures is entirely passive - the target never learns of it. The general-purpose source for deleted pages, superseded staff listings, former contact details and changed terms. Robots-based exclusions and takedown requests silently remove some captures, so a gap is not proof a page never existed. Google cache: was retired in 2024, making this the default fallback for a dead URL."
Wayback Machine Save Page Now,archive,url,url|document,https://web.archive.org/save/,none,logged-in accounts get higher limits,active,yes,yes,,B,"The save form was confirmed present and reachable without an account; an archive.org login raises the limits and unlocks options such as capturing outlinks. Saving makes Internet Archive fetch the URL from its own infrastructure, so the target logs show an archive.org crawler hit at the moment you looked, and the resulting capture is public immediately. Excellent for evidence integrity, poor for a quiet investigation. Snapshot at the end of collection, or accept the exposure as a deliberate decision recorded in the ledger."
Have I Been Pwned,breach,email|domain,breach_record,https://haveibeenpwned.com,none,unknown,passive,yes,yes,"Notification service only: it tells you WHETHER an address appeared in a known breach and names the breach. It never serves passwords or record contents, which is exactly what makes it usable where handling a breach corpus would not be. Domain-wide search requires proving control of the domain, so it is a self-audit tool and not a way to enumerate someone else's staff.",B,"The reference source for breach exposure. Each breach entry carries a date, a record count and the data classes exposed, which is enough to reason about what a target may have had stolen without ever touching the corpus. The free web lookup now sits behind a Cloudflare Turnstile challenge, so it is a manual browser step and cannot be scripted — do not attempt to defeat the challenge; use the paid API key instead if you need automation. Absence is weak evidence — unindexed and unreported breaches exist."
Mozilla Monitor,breach,email,breach_record,https://monitor.mozilla.org,none,unknown,passive,yes,yes,Same notification-only posture as HIBP. Consumer-facing and designed for checking your own address.,B,"Renamed from Firefox Monitor. Breach data has historically been licensed from Have I Been Pwned, so treat a hit here as the same source restated rather than independent corroboration of a HIBP hit unless you can confirm the current data source. The added value is the paid data-broker removal service, which is genuinely useful in a self-audit engagement. The free one-off scan needs no account; continuous alerting needs a Mozilla account."
Pwned Passwords,breach,file_hash,breach_record,https://haveibeenpwned.com/Passwords,none,unknown,passive,yes,yes,"Built around k-anonymity: you submit only the first five characters of a SHA-1 hash and match the remainder locally, so the service never learns which password you checked. That design is what makes it acceptable against credentials you legitimately hold.",B,"Tells you whether a password hash appears in aggregated breach corpora and how often. Legitimate uses: self-audit, and checking a credential you already lawfully possess during an authorised engagement. It is a hash oracle, not a people lookup — it cannot map a password back to a person. The full hash-prefix dataset is downloadable for offline use."
deps.dev,code,url|company,url|domain,https://deps.dev,none,unknown,passive,yes,no,,B,"Google Open Source Insights: cross-ecosystem dependency graphs, licences, advisories and source repository links for packages on npm, PyPI, Maven, Go, Cargo, NuGet and others. In an investigation it maps an organisation's published packages to the repositories and maintainer accounts behind them, and shows what a target's software actually depends on. For typosquat and supply-chain questions compare a suspect package's declared repository against the real one - a mismatch is the tell. The registries themselves also expose maintainer accounts that pivot to usernames and, on older packages, to email addresses."
GH Archive,code,username|url|domain|email,username|email|url|document,https://www.gharchive.org/,none,Hourly archive files are freely downloadable; BigQuery access is billed by Google.,passive,yes,yes,,B,"Hourly archive of the public GitHub event stream going back to 2011, queryable in bulk. This is how you recover what was deleted: repositories that were removed, commits that were force-pushed away, issue and comment text that was edited, and the timeline of a username before it was renamed. Push event payloads have historically carried commit author names and email addresses. Volume is large enough that ad-hoc grep is impractical - plan for a query engine."
GitHub Code Search,code,email|username|domain|subdomain|ip|company|url,username|email|domain|url|document|social_profile,https://github.com/search,account,Code search requires a signed-in account; limits unknown.,passive,yes,yes,Content may be removed under DMCA or by the owner; capture and hash anything you rely on at the time you find it.,B,"Search across public code, commits, issues and users. High-value queries are an organisation email domain in commit metadata, internal hostnames, S3 and storage bucket names, and configuration filenames. Commit history is the richest part: author name and email are attached to every commit and frequently include personal addresses that never appear on the profile, and force-pushed or deleted content often survives in forks, pull requests and the events archive. Searching does not notify the repository owner; starring, forking, following or opening an issue does."
grep.app,code,domain|email|ip|url,url|domain|document,https://grep.app/,none,unknown,passive,yes,no,,C,"Regex search across a large crawl of public GitHub repositories without needing an account, and faster than GitHub's own search for a literal string across many repos. Index is a third-party crawl, so it is a subset and can lag - a negative result here does not mean the string is not on GitHub. Good for finding a leaked internal hostname, key prefix or unusual identifier across unrelated projects. A Vercel security checkpoint rate-limits and blocks scripted fetches, so the endpoint is recorded verified=no; it loads in a browser. That checkpoint also rules out driving it from a script."
Software Heritage,code,url|domain|username,url|email|username|document,https://www.softwareheritage.org,none,unknown,passive,yes,yes,Operates a takedown policy; archived content can be removed on request.,B,"Long-term archive of publicly available source code harvested from GitHub, GitLab, PyPI, Debian and other origins, preserving full development history with content-addressed identifiers. The correct place to look when a repository has been deleted from its origin - the archived copy retains commits, authorship and timestamps. Harvesting is periodic rather than continuous, so very recent work may not be present, and coverage of a specific repository is not guaranteed. The homepage recorded here is confirmed; the archive host at archive.softwareheritage.org serves a proof-of-work bot interstitial to scripted requests and loads only in a browser, so do not plan on fetching it from a script."
TruffleHog,code,url|domain,email|url|domain,https://github.com/trufflesecurity/trufflehog,none,none - runs locally,active,yes,yes,"Verifying a discovered credential means authenticating to a live service with someone else's secret. Without explicit written authorisation that is likely unauthorised access under the Computer Fraud and Abuse Act, the UK Computer Misuse Act and equivalents. Do not run verification outside an engagement scope that names it.",B,"Scans repositories, filesystems and archives for credentials, including the full git history where secrets are most often found after being removed from the current tree. Marked active because the default behaviour verifies discovered credentials against the issuing service, which is an authenticated request to a third party - disable verification to keep the scan passive. Cloning a public repository from a code host is passive; scanning a self-hosted git server belonging to the target is not. Gitleaks is a comparable scanner with a different rule set - run both when the question is whether anything leaked."
ABN Lookup,corporate,company|company_number,company|company_number|address,https://abr.business.gov.au,none,unknown,passive,yes,yes,"Australia. Free public search of the Australian Business Register returning ABN, entity name, entity type, GST registration status, effective dates, and the state and postcode of the main business location. The full street address is not published.",A,"Fast confirmation that a trading name maps to a real registered entity and whether it is GST-registered, which is a cheap liveness test on an Australian counterparty. Trading and business name history is included and is useful for tracing rebrands. Web search needs no login or key, so auth is none; the separate machine interface requires a free registered GUID."
ACRA BizFile+,corporate,company|company_number|person_name,company|company_number|person_name|address|document,https://www.bizfile.gov.sg,none,unknown,passive,yes,no,"Singapore. Free search returns entity name, Unique Entity Number, status and incorporation date. The Business Profile containing directors, shareholders with shareholdings and the registered address is a paid purchase per entity. Singapore's register of registrable controllers is filed with ACRA but is not public.",A,"The paid Business Profile is inexpensive and lists shareholders with exact holdings - unusually good ownership data for the price. A large nominee-director industry operates in Singapore, so a director appearing on dozens of unrelated entities is a corporate services provider, not a principal; treat that as a signal to find the provider's client, not as a finding. ACRA entity data is also republished as an open dataset on the government data portal."
ADGM Public Register,corporate,company|company_number|person_name,company|company_number|person_name|address,https://www.adgm.com/public-registers,none,unknown,passive,yes,yes,Abu Dhabi Global Market only - a separate common-law jurisdiction inside the UAE. Entities registered in mainland Abu Dhabi or in other emirates and free zones are not here. Mainland UAE Department of Economic Development registers are not publicly searchable and the UAE has no consolidated national company search.,A,"Registered entities with status, licence category, registered address and in many cases directors. ADGM and DIFC are the only two UAE registers a researcher can meaningfully query; for everything else the realistic routes are a trade licence copy obtained from the counterparty, a local agent, litigation records, or a commercial data provider. The site reorganises periodically, so re-derive the path from the ADGM home page if the recorded one moves."
ASIC Connect,corporate,company|company_number|person_name,company|company_number|person_name|address|document,https://connectonline.asic.gov.au,none,unknown,passive,yes,no,"Australia. Free search of company name, ACN, status and registration date; the current and historical company extract containing directors, shareholders and addresses is a paid purchase. ASIC separately publishes banned and disqualified persons and its licensee registers free of charge.",A,"The paid extract is the substantive document - it lists directors, secretaries and the top members with their shareholdings, which makes Australia one of the better-value jurisdictions for real ownership data. Always also check the banned and disqualified persons register and the credit and financial services licensee registers. A registered business name is not a legal person; resolve it to a company or a sole trader before drawing conclusions. Marked unverified because the host root redirects unauthenticated scripted requests into an authentication loop and the search application is JavaScript-only; ASIC's own register index at https://www.asic.gov.au/online-services/search-asic-registers/ was confirmed live and is the reliable way in."
BVI Financial Services Commission,corporate,company|company_number,company|document,https://www.bvifsc.vg,none,unknown,passive,yes,no,"British Virgin Islands. There is no public company register. Company records are held through licensed registered agents via the VIRRGIN system, accessible to agents and authorities only, and the BOSS beneficial ownership system is available solely to designated competent authorities. A public register has been announced and deferred repeatedly - do not assume one exists without checking.",A,"What you can actually obtain from the FSC site is the list of licensed and regulated financial services entities, enforcement notices, public statements, and struck-off or liquidation notices. For an ordinary BVI business company the realistic routes are the BVI Commercial Court record, the ICIJ leak databases, filings by a listed parent that consolidates the entity, or a lawful request through the registered agent. Treat a BVI entity as a name and a formation date until something else corroborates it. The host requires ordinary browser headers."
California bizfile Online,corporate,company|company_number|person_name,company|company_number|person_name|address|document,https://bizfileonline.sos.ca.gov,none,unknown,passive,yes,no,"California. Statements of Information filed by corporations and LLCs name officers, directors and the manager or member, and the filed images are free to view. Registered agent may be a commercial agent rather than a principal.",A,"Free entity search plus free PDF images of filed documents including the Statement of Information - unusually generous for a US state. Statements are filed annually for corporations and biennially for LLCs, so officer data can be up to two years stale. Also covers limited partnerships, LLPs and foreign entities qualified to do business in California, which is how out-of-state shells become visible. The site rejects requests that do not present ordinary browser headers."
Cayman Islands General Registry,corporate,company|company_number,company|company_number,https://www.ciregistry.ky,paid,unknown,passive,yes,yes,"Cayman Islands. No free public register. The General Registry offers a chargeable name search and certificate ordering; directors, shareholders and beneficial owners are not public. The beneficial ownership regime files data with a competent authority rather than the public, and a public-access commitment has been repeatedly postponed. CIMA separately publishes regulated funds, administrators and licensees.",A,"Expect to confirm existence and status and little else. For substance use the CIMA regulated-entity lists, the Cayman Grand Court cause list and published judgments, filings by an affiliated listed group in the US or UK, and the leak databases. A Cayman entity in a structure is normally the fund or holding layer - the operating business and the identifiable people almost always sit in another jurisdiction, so pivot outward rather than digging here."
Charity Commission Register of Charities,corporate,company|company_number|person_name,company|person_name|address|document,https://register-of-charities.charitycommission.gov.uk,none,unknown,passive,yes,yes,England and Wales only. Scotland (OSCR) and Northern Ireland (CCNI) maintain separate registers with different rules. Trustee names are public; trustee addresses are not.,A,"Trustees, annual accounts and returns, income and expenditure, and any statutory inquiry or regulatory action taken by the Commission. Trustee name search links an individual to other charities, and the trustee overlap graph is worth building because charities are a common route for moving funds and for reputation-building. Accounts filing lags the financial year end by up to ten months, so a recently failed charity may still look healthy."
Corporations Canada,corporate,company|company_number|person_name,company|company_number|person_name|address|document,https://ised-isde.canada.ca/cc/lgcy/fdrlCrpSrch.html,none,unknown,passive,yes,yes,"Federal CBCA corporations only, which are a minority of Canadian companies. Each province runs its own register with different fees and openness - Quebec's REQ is free and unusually detailed, British Columbia charges. Canada launched a public register of individuals with significant control over CBCA corporations in January 2024, covering federally incorporated companies only.",A,"Federal corporation search returns directors, registered office and status. The federal individuals-with-significant-control search is a genuine open beneficial ownership source and one of very few in the Americas - but it stops at the federal boundary, so a provincially incorporated company is invisible to it. The department migrated from the ic.gc.ca domain and old bookmarks now redirect; the search path recorded here was confirmed live."
CourtListener,corporate,person_name|company,document|person_name|company,https://www.courtlistener.com,none,unknown,passive,yes,yes,"US federal courts plus a large set of state appellate courts. Federal docket coverage comes from the RECAP archive, which contains only documents someone has already purchased and contributed - it is broad but not complete, and absence proves nothing.",C,"Free full-text search across opinions and RECAP dockets, plus oral argument audio and judge profiles, run by the Free Law Project. Always search here before spending money in PACER, because a large share of significant dockets is already mirrored. An API and bulk data are offered. It is a mirror, so aggregation is not corroboration - the citable primary is the court's own opinion or the PACER docket entry, and a document held here should be cited to the issuing court."
Delaware Division of Corporations,corporate,company|company_number,company|company_number|address,https://corp.delaware.gov,none,unknown,passive,yes,yes,"Delaware is the highest-volume US incorporation jurisdiction and one of the least disclosive. The free entity search returns name, file number, incorporation date and registered agent only. Officers, directors, members, shareholders and beneficial owners are not published. Filing detail and annual report data must be ordered for a fee.",A,"Confirms existence, status and formation date and gives the registered agent, which is often the only usable pivot. Expect a commercial agent address, never an operating address. For the humans behind a Delaware entity, go to litigation records, SEC filings, state occupational licensing, or the foreign-qualification filing in the state where the company actually trades. Wyoming, Nevada and New Mexico offer comparable or greater opacity."
Denmark CVR,corporate,company|company_number|person_name|address,company|company_number|person_name|address|document,https://datacvr.virk.dk,none,unknown,passive,yes,no,"Denmark. Among the most open registers in Europe: free search by company, by person and by address, exposing management, board membership, legal owners and significant ownership, plus filed annual reports. Denmark has continued to publish substantial ownership data, though the real-owner field was affected by the 2022 CJEU ruling - check what the register currently returns rather than assuming.",A,"Person search returns every Danish directorship and ownership stake held by an individual with full history, which is a rare capability among national registers. Annual reports are free PDFs. Bulk and machine access is offered through the Virk platform. Danish holding structures appear frequently in Nordic and shipping ownership chains, so this register often resolves a link that stalls elsewhere. Marked unverified because the host answers scripted requests with a Cloudflare interstitial; it is reachable in a browser."
DIFC Public Register,corporate,company|company_number|person_name,company|company_number|person_name|address,https://www.difc.com,none,unknown,passive,yes,no,"Dubai International Financial Centre only. DIFC is a separate common-law jurisdiction with its own registrar and courts; Dubai mainland and other Dubai free zones such as JAFZA, DMCC and Meydan maintain their own records which are non-public or only partially public.",A,"Entity name, registration number, status, legal form and registered DIFC address, with directors and shareholders shown for some entity types. The DIFC Courts publish judgments separately and are a genuinely useful adverse-information source for Gulf commercial disputes, often naming beneficial owners that no register discloses. The older difc.ae domain now redirects to difc.com. Confirm the current public-register path from the home page."
Espacenet,corporate,company|person_name,company|person_name|address|document,https://worldwide.espacenet.com,none,unknown,passive,yes,no,"European Patent Office aggregation covering over 100 patent authorities worldwide. Publication lags filing by roughly 18 months, so recent activity is structurally invisible. Applicant name normalisation across offices is imperfect, so search name variants and transliterations.",C,"Applicant and inventor names with addresses, priority chains and patent family members across jurisdictions, plus assignment history in some national registers. Inventor names are individuals and are often technical staff, which makes patents a good route to real employees of an otherwise opaque entity. A patent family also shows which markets the applicant actually intended to operate in. Aggregation is not corroboration: cite the national or EPO register entry. Google Patents indexes much of the same corpus with better full-text search. Marked unverified because the host answers scripted requests with a Cloudflare interstitial; it is reachable in a browser."
Estonia e-Business Register,corporate,company|company_number|person_name|address,company|company_number|person_name|address|document,https://ariregister.rik.ee,none,unknown,passive,yes,no,"Estonia. Free search of companies, board members and shareholders with annual reports available at no charge. Estonia historically published beneficial owner declarations openly; access to that specific dataset was affected by the 2022 CJEU ruling, so confirm what the register currently returns.",A,"Board members, shareholders with holdings, filed annual reports and a person-level search across appointments. Estonia's e-Residency programme has produced a large population of foreign-controlled Estonian companies, which makes this register disproportionately useful for tracing non-Estonian operators who wanted an EU footprint cheaply. Free annual reports mean you can often read actual financials without paying anyone. The site root redirects to a language-prefixed path."
EU e-Justice Business Registers,corporate,company|company_number,company|company_number|address|document,https://e-justice.europa.eu,none,unknown,passive,yes,yes,"Covers EU member states and EEA participants through the Business Registers Interconnection System. Returns a thin standardised record and links to the national register; document fees, language and access rules remain national.",C,"Use it to work out which national register holds an entity and to confirm registration number and status across borders. It is a routing layer, not a data source - aggregation is not corroboration, and the substance and the citation both belong to the national register. Cross-border branch coverage is patchy and translations of legal form are approximate. The site root opens on a language-selection page before the register section."
Find Case Law,corporate,person_name|company,document|person_name|company,https://caselaw.nationalarchives.gov.uk,none,unknown,passive,yes,yes,"England and Wales court and tribunal judgments from 2001 onward with older Supreme Court and Privy Council material. This is a judgment archive, not a docket system - a case that settled, was withdrawn or was struck out may leave no judgment at all.",A,"Free full-text judgment search from The National Archives. Judgments name parties, directors and sums and often describe the underlying commercial conduct in forensic detail, which makes this one of the richest free adverse-information sources for UK-connected companies and their officers. Absence of a judgment is not absence of litigation - record it as a negative result, not a clean bill of health."
FINRA BrokerCheck,corporate,person_name|company,person_name|company|address|document,https://brokercheck.finra.org,none,unknown,passive,yes,no,US securities industry only. Covers FINRA-registered brokers and broker-dealer firms; investment advisers are on the SEC adviser disclosure system instead and some individuals appear on both.,A,"Employment history, state registrations, exams passed, and disclosed customer complaints, regulatory actions, terminations and personal bankruptcies. One of the few free sources that ties a named individual to a firm, a date range and a regulator-verified disciplinary record. Full reports download as PDF and are worth archiving because disclosures can be expunged."
Florida Sunbiz,corporate,company|company_number|person_name|address,company|company_number|person_name|address|document,https://www.sunbiz.org,none,unknown,passive,yes,no,"Florida. One of the most open US state registers: free search by entity name, by officer or director name, by registered agent name and by address, with free scanned filing images.",A,"Officer and director name search is the key capability - it pivots from a person to every Florida entity they are listed on, which most state registers do not allow. Annual reports list officers, addresses and the federal employer identification number. Address search finds entity clusters at a single suite number. This is usually the fastest free way to map a US operator's portfolio of entities. Marked unverified because the host answers scripted requests with a Cloudflare interstitial; it is reachable in a browser."
France Annuaire des Entreprises,corporate,company|company_number|person_name|address,company|company_number|person_name|address|document,https://annuaire-entreprises.data.gouv.fr,none,unknown,passive,yes,no,"France. Free state-run search over the SIREN and SIRET base and the Registre National des Entreprises. Access to beneficial ownership declarations was restricted following the 2022 CJEU ruling. Individual entrepreneurs may opt out of public listing, and small companies can file accounts confidentially so the figures are withheld even though the filing exists.",A,"SIREN and SIRET identifiers, NAF activity code, establishment addresses, legal form, officer names and links to filed accounts. Court-registry documents and Kbis extracts are sold through Infogreffe. BODACC publishes insolvency, change-of-control and disposal notices and is the French analogue of The Gazette. A SIRET identifies a specific establishment, a SIREN the legal entity - do not conflate them. Marked unverified because the host returned an unbounded redirect loop to scripted requests; it is reachable in a browser."
GDELT Project,corporate,person_name|company|url,url|document|person_name|company,https://www.gdeltproject.org,none,unknown,passive,yes,yes,"Global news monitoring across many languages with machine translation. Coverage skews to outlets that publish online, so regions with weak digital news presence are under-represented, and machine-coded entities, themes and tone scores carry real error rates.",D,"Free large-scale adverse-media sweep: article-level search plus event and tone datasets queryable through BigQuery and a public API. Use it to establish that coverage exists and in which outlets and languages, then read the original articles. Aggregation is not corroboration: never cite a GDELT-extracted entity, event code or sentiment score as a finding - cite the article. Its main advantage over an English-language search is non-English adverse media, which is where most cross-border reputational risk actually surfaces."
Germany Handelsregister,corporate,company|company_number|person_name|address,company|company_number|person_name|address|document,https://www.handelsregister.de,none,unknown,passive,yes,unknown,"Germany, maintained by the local courts and aggregated at the federal portal. Since August 2022 retrieval of register extracts and filed documents has been free, replacing the previous per-document fee. Managing directors are visible and the shareholder list of a GmbH is a filed public document - genuine direct ownership data, which most registers do not provide.",A,"Chronological and current extracts, articles of association, and the Gesellschafterliste shareholder list. The shareholder list is the single most valuable document here because it names direct shareholders with their holdings and is updated on every transfer. Financial statements are published separately in the Bundesanzeiger. Search matches the legal name fairly strictly - try spelling variants and search by register court plus HRB number when you have it. Marked unverified because no TLS connection to the host completed from this environment on repeated attempts; treat reachability as environment-dependent and retest before planning around it."
GLEIF Global LEI Index,corporate,company|company_number,company|company_number|address,https://search.gleif.org,none,unknown,passive,yes,api,"Global. Coverage is limited to entities that obtained a Legal Entity Identifier, which is driven by derivatives and securities reporting obligations, so private companies with no market activity are usually absent.",A,"Authoritative mapping of legal entity to LEI, legal name, registered address and local registry identifier. Level 2 relationship data records direct and ultimate accounting parent where reported, which is the closest thing to a free cross-border group-structure source. A concatenated reference file and a public API are published from the main GLEIF site - confirm current URLs there rather than assuming."
Hong Kong Companies Registry,corporate,company|company_number|person_name,company|company_number|person_name|address|document,https://www.icris.cr.gov.hk,account,unknown,passive,yes,no,"Hong Kong. The Cyber Search Centre offers free company name and number lookup; document images and director particulars are charged per item and generally require a registered account. Under the phased New Inspection Regime beginning in December 2023, directors' full identification numbers and usual residential addresses are withheld from public copies of filed documents, with correspondence addresses and partial identification numbers shown instead.",A,"Annual returns list directors, the company secretary and shareholders with holdings, which remains valuable even under the redacted regime. Hong Kong is the standard intermediary layer between BVI or Samoa holding companies and mainland Chinese operating companies, so the annual return frequently names the offshore parent that the offshore jurisdiction itself will not disclose. Charges are per document and accumulate - plan which filings you actually need before pulling. The recorded host redirects into the registry's current e-services application."
ICIJ Offshore Leaks Database,corporate,person_name|company|address,company|person_name|address,https://offshoreleaks.icij.org,none,unknown,passive,yes,yes,"Covers offshore incorporation agents in the BVI, Panama, the Bahamas, Singapore and elsewhere. Data is historical and ends at the date of each leak; it does not reflect current ownership or current directors.",B,"Combined Offshore Leaks, Panama Papers, Bahamas Leaks, Paradise Papers and Pandora Papers entity graph showing officers, intermediaries and addresses with the links between them. ICIJ states explicitly that presence is not evidence of wrongdoing - treat a hit as a lead needing corroboration and always record the leak date as the as-of date of the relationship."
Ireland Companies Registration Office CORE,corporate,company|company_number|person_name,company|company_number|person_name|address|document,https://core.cro.ie,account,unknown,passive,yes,no,Republic of Ireland. Company and business-name search is free; director search and document images are charged per item and normally require a registered CORE account. Directors are public with a service address and partial date of birth.,A,"Annual returns with abridged or full accounts, director and secretary appointments and resignations, and mortgages and charges. Ireland is a very common holding-company jurisdiction, so the director list is often the fastest bridge from an Irish entity to a UK or US parent. Beneficial ownership is not held here - it sits on the separate RBO with restricted access. Marked unverified because the host answers scripted requests with a Cloudflare interstitial; it is reachable in a browser."
Ireland Register of Beneficial Ownership,corporate,company|company_number|person_name,person_name|address|document,https://rbo.gov.ie,account,unknown,passive,yes,no,"Republic of Ireland. Following the Court of Justice of the EU ruling in joined cases C-37/20 and C-601/20 in November 2022, unrestricted public access to EU beneficial ownership registers was struck down. Ireland restricted RBO access to designated persons with anti-money-laundering obligations and to competent authorities. A general researcher will not get in; a regulated obliged entity conducting customer due diligence can apply.",A,Holds beneficial owners above 25 percent for Irish companies and industrial and provident societies. The same ruling closed or restricted public beneficial ownership registers across most EU member states - assume EU beneficial ownership is not openly searchable unless a specific state demonstrably says otherwise. The EU anti-money-laundering package is expected to restore access for those with a legitimate interest; confirm the current national position rather than assuming either way.
IRS Tax Exempt Organization Search,corporate,company|company_number,company|address|document,https://www.irs.gov/charities-non-profits/tax-exempt-organization-search,none,unknown,passive,yes,no,"US federal tax-exempt organisations. Confirms current exempt status and subsection and whether exemption was automatically revoked for failure to file. It does not cover state charitable solicitation registration, which several states require separately and enforce independently.",A,"Authoritative for exempt status and for the automatic revocation list, which is the fastest way to demonstrate that a nonprofit stopped filing. Form 990 images are available here and in bulk. Schedule B donor names are redacted in public copies, so donor identification requires other routes. Churches are not required to file a Form 990, so silence from this source is not evidence of anything. Marked unverified because the host returned an access-denied page to every scripted request tried; it is reachable in a browser."
Jersey Financial Services Commission Registry,corporate,company|company_number|person_name,company|company_number|address|document,https://www.jerseyfsc.org,none,unknown,passive,yes,yes,"Jersey, Channel Islands. Free basic entity search returning name, registration number, type and status; filed documents and extracts are chargeable. Beneficial ownership is filed with the JFSC and is not public, although Jersey has stated an intention to allow access to those with a legitimate interest - confirm the current position rather than assuming it has happened.",A,"More open at the free tier than BVI or Cayman, which makes Jersey the easiest Crown Dependency in which to at least confirm that an entity exists and is in good standing. Guernsey and the Isle of Man operate comparable registries with their own fee schedules. Jersey Royal Court judgments are published and are a strong adverse-information source for trust, estate and asset-tracing disputes involving structures administered from the island."
Netherlands KVK Handelsregister,corporate,company|company_number|address,company|company_number|address|document,https://www.kvk.nl,none,unknown,passive,yes,yes,"Netherlands. Basic name and KVK-number search is free; extracts and annual accounts carry a per-document fee. Since 2022 KVK has shielded the visiting addresses of sole traders and small businesses where that address is also a home, so address data is thinner than older tooling assumes. The Dutch UBO register was closed to public access after the 2022 CJEU ruling.",A,"Directors and authorised signatories appear on the paid extract, not on the free search result, so budget for the extract on any entity that matters. The Netherlands is a very common conduit and holding jurisdiction, which makes the extract usually worth the fee. Foundations and cooperatives are frequently used as control vehicles here and sit in the same register."
New York Department of State business entity database,corporate,company|company_number,company|company_number|address,https://dos.ny.gov,none,unknown,passive,yes,no,"New York State. The Corporation and Business Entity Database gives name, DOS identifier, status, county, registered agent and the address for service of process. Officers and shareholders are not published and LLC members are not disclosed.",A,"Useful for confirming existence and the service-of-process address, which for small entities is frequently a genuine business or home address rather than an agent. Marked unverified because the department site resolves but the entity-search application runs on a separate host that answered a scripted request with a JavaScript bot-challenge rather than the search form - reach it from the department site in a browser. For control in New York, pivot to New York City property records, state court filings and licensing bodies. New York enacted an LLC Transparency Act creating a beneficial ownership filing requirement; the resulting database is reported to be restricted to government access rather than publicly searchable - confirm its current status and commencement date before relying on either reading."
OCCRP Aleph,corporate,person_name|company|company_number|address|email|phone,document|company|person_name|address,https://aleph.occrp.org,account,unknown,passive,yes,no,Mixes public registers with leaked and hacked material. Collections carry different access levels and some are visible only to verified journalists. Handling leaked material may be lawful for journalism in the public interest and unlawful in other contexts - check it against the case authority before relying on it.,D,"Full-text search across scraped registers, court records, procurement data and document collections. Strongest on Eastern Europe, the Balkans, Central Asia and Latin America. Entity extraction is automated and noisy. Aggregation is not corroboration: read the underlying document and cite the originating register or filing, not the Aleph record. Good for finding that a document exists; poor as a citation on its own."
OpenCorporates,corporate,company|company_number|person_name|address,company|company_number|person_name|address|url,https://opencorporates.com,account,unknown,passive,yes,yes,Aggregates over 100 company registers but depth varies enormously by jurisdiction. Officer data is present for the UK and some US states and entirely absent for others. Always confirm a fact at the primary register before relying on it.,D,"Best single starting point for cross-border company name and officer search. Data is a snapshot of the source register and can lag it by months. Free web access has been progressively restricted and bulk or API access is licensed - check current terms before planning around it. Aggregation is not corroboration: every record links back to the source register, so follow that link and cite the register, never this aggregator."
PACER,corporate,person_name|company,document|person_name|company|address,https://pacer.uscourts.gov,account,unknown,passive,yes,yes,"US federal courts: district, bankruptcy and appellate. State court records are not in PACER and must be pulled from each state's own system. Access requires a registered account with a payment method on file and charges per page, with fees waived below a quarterly threshold. Sealed and restricted documents are not retrievable.",A,"Complaints, exhibits, judgments and bankruptcy schedules are the densest free-text source of corporate relationships that exists - a Chapter 7 or 11 schedule of assets and liabilities names creditors, affiliates, bank relationships and insiders in a way no register does. Use the nationwide party search to find every federal case naming an entity, then pull selectively because per-page charges escalate quickly. Check CourtListener first; much of this is already archived for free."
Panama Registro Publico,corporate,company|company_number|person_name,company|company_number|person_name|address,https://registro-publico.gob.pa,none,unknown,passive,yes,yes,"Panama. The public registry has historically been free to search and returns directors, officers and the resident agent for a sociedad anonima - unusually open for an offshore jurisdiction. Directors are frequently nominees supplied by the law firm acting as resident agent, so the named individuals are usually not the controllers. Beneficial ownership is filed with a non-public superintendency register.",A,"Directors, dignatarios, resident agent, capital and incorporation date. The resident agent is the strongest available pivot - cluster every entity sharing an agent and a formation window. Panama features heavily in the ICIJ leak databases, which supply the historical intermediary relationships the registry itself does not. The www host redirects to the bare domain recorded here. Site availability and search paths have changed over time, so verify the current interface before citing a result."
ProPublica Nonprofit Explorer,corporate,company|company_number|person_name,company|person_name|address|document,https://projects.propublica.org/nonprofits/,none,unknown,passive,yes,yes,"US 501(c) organisations, sourced from IRS Form 990 filings and the IRS business master file. Data is only as current as the last filed return, which typically runs one to two years behind the present.",C,"Full-text search across Form 990 filings, which the IRS system itself does not offer. Part VII names officers, directors, trustees and key employees with compensation, and Schedule I lists grants made to other organisations by name and EIN - that grant graph is usually the most productive pivot for mapping a funding network. An API is offered. Aggregation is not corroboration: the filed Form 990 and the IRS record are the citable primaries, and exempt status must be confirmed against the IRS before it is stated."
SEC EDGAR,corporate,company|company_number|person_name,document|company|person_name|address|url,https://www.sec.gov/search-filings,none,unknown,passive,yes,api,"US-registered issuers, funds and advisers only. A US-listed foreign private issuer files on Forms 20-F and 6-K rather than 10-K and 10-Q, so disclosure depth differs sharply by issuer type.",A,"Primary filings: 10-K, 10-Q, 8-K, DEF 14A proxies with officer and director biographies and compensation, S-1 registration statements, SC 13D and 13G ownership stakes, and Forms 3, 4 and 5 insider transactions. Full-text search covers filings from 2001 onward; older filings are retrievable by company but not by text. Use the full-text search landing recorded here rather than the older /edgar path. A JSON interface is served from the data subdomain and the SEC requires automated requests to send a descriptive User-Agent with a contact address - unidentified scrapers are blocked."
SEDAR+,corporate,company|company_number|person_name,document|company|person_name|address,https://www.sedarplus.ca,none,unknown,passive,yes,no,"Canadian securities regulators, covering reporting issuers across the provinces. Replaced the legacy SEDAR and SEDI systems in 2023 and the migration left some historical documents harder to locate than they were before.",A,"Prospectuses, annual information forms, management information circulars with director and officer biographies and compensation, material change reports and insider reporting. Canadian junior mining, exploration and cannabis issuers are heavily represented, which makes SEDAR+ a standard stop when a promoter's history is the question. Circulars often disclose related-party transactions that no register would show. Marked unverified because the host diverts scripted requests to a third-party bot-detection captcha; it is reachable in a browser."
TED Tenders Electronic Daily,corporate,company|company_number|address,company|address|document,https://ted.europa.eu,none,unknown,passive,yes,api,"EU public procurement notices above the directive thresholds, plus EEA and some third-country notices. Below-threshold contracts remain on national portals, so TED represents a floor on a supplier's public-sector activity rather than the whole picture.",A,"Contract award notices name the winning economic operator with address and national registration number, the contracting authority, the contract value and the dates. Good for proving trading activity, for building an address history, and for identifying consortium partners who do not appear in any register. Bulk downloads and an API are provided. Marked unverified because the host answers scripted requests with a web-application-firewall challenge rather than content; it is reachable in a browser."
The Gazette,corporate,company|company_number|person_name,document|company|person_name|address,https://www.thegazette.co.uk,none,unknown,passive,yes,no,"UK official public record of record, published as the London, Edinburgh and Belfast Gazettes. Publication here is the legally effective notice for many corporate events.",A,"Statutory notices: insolvency and winding-up petitions, administration and liquidator appointments, striking-off notices, personal insolvency and deceased estates. Frequently carries an event weeks before it surfaces on the company record, and names the insolvency practitioner - a person who can be searched further or lawfully contacted. Free full-text search with date and notice-type filters. Marked unverified because the host answers scripted requests with a web-application-firewall challenge instead of the site; it is reachable in a browser."
UK Companies House,corporate,company|company_number|person_name|address,company|company_number|person_name|address|document,https://find-and-update.company-information.service.gov.uk,none,unknown,passive,yes,yes,"England and Wales, Scotland and Northern Ireland. Fully free and public including filed accounts, officer appointments, charges and the Persons with Significant Control register. Officer dates of birth are shown as month and year only and residential addresses can be suppressed on application. The separate Register of Overseas Entities discloses beneficial owners of UK property held through non-UK entities.",A,"The most investigatively useful free national company register in existence. Officer search pivots a person to every UK appointment past and present, and address search finds entity clusters. PSC entries name individuals holding over 25 percent of shares or voting rights - but PSC data is self-declared and was historically unverified, so treat it as a claim rather than a fact. Identity verification under the Economic Crime and Corporate Transparency Act is being phased in and older filings predate it. A free-key REST API and bulk data products are published on the same service."
UK Contracts Finder,corporate,company|company_number,company|company_number|address|document,https://www.contractsfinder.service.gov.uk,none,unknown,passive,yes,yes,"UK public sector procurement above stated thresholds. The devolved administrations also publish to their own portals such as Public Contracts Scotland and Sell2Wales, so a UK-wide sweep needs more than this one site.",A,"Tender notices and contract award notices with supplier name, contract value, dates and the awarding authority. Good for establishing that a company has real trading activity, for capturing the address it declared at the time of award, and for spotting revenue concentration on a single public buyer - which is a governance risk flag in its own right. The site root lands directly on the search form."
USAspending.gov,corporate,company|company_number|address,company|address|document|url,https://www.usaspending.gov,none,unknown,passive,yes,api,"US federal awards only. State, local, classified and intelligence-community spending is out of scope, and some defence awards are redacted or published with a delay.",A,"Prime and sub-award recipients with Unique Entity Identifier, registered address, parent entity and full award history. Good for establishing that a shell has real revenue, for finding a company's actual operating address rather than its registered agent, and for mapping subcontractor relationships. Bulk downloads and an API are offered - confirm current endpoints on the site."
WIPO Global Brand Database,corporate,company|person_name,company|person_name|address|document|photo,https://branddb.wipo.int,none,unknown,passive,yes,no,"Aggregates trademark, appellation of origin and armorial data from the WIPO Madrid system and a large number of national offices including the US and EU. National coverage and update frequency vary and a national office search remains authoritative for its own territory.",C,"The applicant and representative names with addresses are the investigative payload - a trademark filing frequently names the real owner and a working address years before a corporate register reflects it, and the local law firm named as representative is itself a pivot. Image search on device marks helps connect rebranded or successor entities. Filing dates establish when a commercial intent demonstrably existed. Aggregation is not corroboration: confirm and cite the national or Madrid record, not this index. Marked unverified because the host serves scripted requests a proof-of-work challenge page instead of the application; it is reachable in a browser."
Wyoming Secretary of State business search,corporate,company|company_number|address,company|company_number|address,https://wyobiz.wyo.gov/business/filingsearch.aspx,none,unknown,passive,yes,yes,"Wyoming. Free entity search with filing history, but the state does not require or publish member, manager or beneficial owner identity for LLCs. The registered agent is typically a commercial formation service that exists to mask the principal.",A,"Wyoming is a primary US shell-formation jurisdiction alongside Delaware, Nevada and New Mexico. Expect the search to confirm existence and disclose nothing about control. The pivot that usually works is the registered agent combined with the formation date - cluster entities formed on the same day through the same agent. Anonymous LLC marketing by Wyoming agents is itself a useful signal about the client's intent. The search runs on a separate host from the Secretary of State site, and that host answers scripted requests with a JavaScript bot challenge rather than the form - open it in a browser."
Arkham Intelligence,crypto,crypto_address|tx_hash|company,crypto_address|company|person_name,https://www.arkhamintelligence.com,account,unknown,passive,yes,yes,,D,"Address-to-entity attribution and a transaction graph interface across several chains, with free access after registration. The entity labels are the product: exchanges, funds, protocols, government holdings and some named individuals. Attribution methodology is proprietary and not disclosed per label, so a label is an uncorroborated third-party claim - grade it C and corroborate against on-chain behaviour or an independent source before it enters findings. The platform also runs a public bounty mechanism where users request deanonymisation of specific addresses; posting or engaging there is a disclosing act and is not passive. Graded D rather than C: the labels are an aggregation of proprietary heuristics and user-submitted bounty deanonymisations with no per-label provenance, and aggregation is not corroboration."
BscScan,crypto,crypto_address|tx_hash,crypto_address|tx_hash,https://bscscan.com,free_key,Web use is open; API requires a free key with tiered limits - check current terms.,passive,yes,api,,B,"BNB Smart Chain explorer from the same family as Etherscan with the same interface and labelling conventions. Relevant because a large share of retail-facing token scams and rug pulls operate on BNB Chain, and because cross-chain bridge activity routinely dead-ends here if you only look at Ethereum. Sister explorers exist for other EVM chains with the same layout. Cloudflare bot protection returns an interstitial to anything that is not a real browser, so the endpoint could not be confirmed by scripted fetch and is recorded verified=no; it loads normally in a browser."
Chainabuse,crypto,crypto_address|url|domain,crypto_address|url|domain,https://chainabuse.com,none,unknown,passive,yes,no,,D,"Public database of user-submitted scam and abuse reports against crypto addresses, domains and social accounts, operated by TRM Labs and consolidating what was previously Bitcoin Abuse Database. Fast way to learn that an address is already known for ransomware, sextortion, fake exchanges or pig-butchering, and reports often include the contact channel and the lure text. Reports are unverified user submissions - one report is an allegation, a pattern of independent reports is corroboration. Filing a report is a public disclosing act, not a passive lookup. Graded D because the database is an aggregation of unverified self-reported allegations, and aggregation is not corroboration - volume of reports is not evidence of the underlying claim."
Chainalysis,crypto,crypto_address|tx_hash,crypto_address|company|person_name,https://www.chainalysis.com,paid,Enterprise licensing; no self-serve access.,passive,yes,yes,"Access is normally restricted to regulated financial institutions, exchanges, and law enforcement or government bodies under contract.",B,"The reference commercial blockchain analytics platform used in KYC and AML work and by law enforcement, with proprietary entity attribution, exposure scoring and sanctions screening across major chains. Attribution methodology is not published and cannot be independently reproduced, which is a real limitation when a finding must survive challenge - document that a conclusion rests on a vendor label. TRM Labs and Elliptic are direct equivalents with comparable coverage and the same auditability limitation."
ENS,crypto,crypto_address|domain,crypto_address|domain|username|email|url|social_profile,https://app.ens.domains,none,unknown,passive,yes,yes,,B,"Ethereum Name Service registry lookup. Forward resolution maps a .eth name to an address; reverse resolution maps an address back to a primary name, and the text records attached to a name frequently carry a Twitter or X handle, a GitHub username, an email, an avatar URL and a website - which turns a bare address into a social identity trail. Registration and transfer history is on-chain and shows who held the name and when. Unstoppable Domains and other naming systems work similarly but are separate registries with separate lookups."
Etherscan,crypto,crypto_address|tx_hash,crypto_address|tx_hash|domain,https://etherscan.io,free_key,Web use is open; API requires a free key with tiered limits - check current terms.,passive,yes,api,,B,"The reference Ethereum explorer. Beyond transactions it shows token transfers, verified contract source, internal calls, and public address labels for exchanges, bridges, mixers and known scam addresses. Those labels are curated by Etherscan and are useful leads but are not independently auditable - treat a label as C-grade attribution, not as fact. Resolves and displays ENS names attached to addresses. Cloudflare bot protection returns an interstitial to anything that is not a real browser, so the endpoint could not be confirmed by scripted fetch and is recorded verified=no; it loads normally in a browser."
mempool.space,crypto,crypto_address|tx_hash,crypto_address|tx_hash,https://mempool.space,none,Public instance is open; heavy programmatic use is discouraged - self-host for volume.,passive,yes,no,,B,"Bitcoin explorer covering addresses, transactions, inputs and outputs, fees, mempool state and RBF replacements. Good for reading a transaction graph by hand and for spotting fee-bumping and coinjoin patterns. Runs an onion service and can be self-hosted against your own node, which removes the query-disclosure problem entirely. It does not do wallet clustering or entity labelling."
Solscan,crypto,crypto_address|tx_hash,crypto_address|tx_hash,https://solscan.io,none,Free tier; API access is paid - limits unknown.,passive,yes,api,,B,"Solana explorer with account, token, NFT and program views. Solana account models differ from EVM chains - a wallet holds separate token accounts per mint, so a single owner presents as several addresses. Do not treat those as distinct parties. High transaction volume makes manual tracing painful; filter by token and by counterparty rather than reading the raw history. Cloudflare bot protection returns an interstitial to anything that is not a real browser, so the endpoint could not be confirmed by scripted fetch and is recorded verified=no; it loads normally in a browser."
Tronscan,crypto,crypto_address|tx_hash,crypto_address|tx_hash,https://tronscan.org,none,unknown,passive,yes,no,,B,"TRON explorer. Disproportionately important in fraud and sanctions work because USDT on TRON carries an enormous share of low-value cross-border transfers, pig-butchering scam flows and payment-processor activity, and because fees are low enough that laundering chains run to many hops. Shows TRC-20 transfers, account resources and contract calls. Cloudflare bot protection returns an interstitial to anything that is not a real browser, so the endpoint could not be confirmed by scripted fetch and is recorded verified=no; it loads normally in a browser."
WalletExplorer,crypto,crypto_address|tx_hash,crypto_address,https://www.walletexplorer.com,none,unknown,passive,yes,yes,,D,"Bitcoin wallet clustering by common-input-ownership with named clusters for early exchanges, gambling sites and darknet markets. The dataset has not been meaningfully maintained for years, so it is useful only for historical cases in the era it covers and will mislead if applied to recent activity. Named clusters are still a useful cross-check on which defunct service an address belonged to. The site responded and served its explorer front page at the time of check, but the clustering data behind it remains stale."
Bing Maps,geoint,address|coordinates,coordinates|photo,https://www.bing.com/maps,none,unknown,passive,yes,no,,B,"Worth checking specifically for the oblique aerial layer, which shows building facades and roof detail from four compass directions that no top-down source gives. Oblique coverage is limited to selected urban areas. Base satellite imagery often differs in date from Google, so the two together bracket when a structure appeared."
Copernicus Data Space Ecosystem,geoint,coordinates,photo|coordinates,https://dataspace.copernicus.eu,account,Free access with registration; download and processing quotas apply and change - check current terms.,passive,yes,yes,EU open data. Sentinel imagery is free to use and redistribute with attribution.,A,"Official ESA access point for Sentinel-1 radar and Sentinel-2 optical imagery, superseding the older Copernicus Open Access Hub. Sentinel-2 gives roughly 10m optical with a revisit of a few days, which is enough to date large events such as construction, flooding, fires, mass graves and vehicle concentrations but not to identify individuals or small vehicles. Sentinel-1 radar sees through cloud and at night, which matters for persistent overcast regions. Sinergise EO Browser is a widely used third-party viewer over the same archive."
GeoNames,geoint,address|coordinates,coordinates|address,https://www.geonames.org,free_key,Free web service tiers are credit-limited per account; limits change - check current terms.,passive,yes,yes,Data is CC BY licensed.,C,"Gazetteer of place names with alternate spellings, transliterations, historical names and administrative hierarchy, plus population and feature class. Solves the common failure where a place is spelled three ways across sources or where twenty villages share a name - it lists all of them with coordinates so you can rank candidates by population and admin region. Also useful for resolving a place name in one script or language to its coordinates. Graded C because entries are aggregated from national gazetteers, other official feeds and user edits, and aggregation is not corroboration - confirm a coordinate that a conclusion rests on against a primary national source or against imagery."
Google Earth Pro,geoint,coordinates|address,coordinates|photo,https://www.google.com/earth/about/versions/,none,unknown,passive,yes,yes,Imagery is licensed; publication of screenshots may require attribution or permission from the imagery provider.,B,"Desktop client is the only free tool with a historical imagery timeline going back decades in many areas. Also gives 3D terrain for skyline matching, elevation profiles, ruler for measuring building footprints and shadow lengths, and per-tile imagery capture dates. Web version lacks the historical slider. Imagery dates on the timeline are the acquisition date of the tile, not of the whole view."
Google Maps,geoint,address|coordinates|company,coordinates|address|photo,https://www.google.com/maps,none,unknown,passive,yes,no,,B,"Base map plus business listings, user photos and reviews. Reviews and user-uploaded photos are an under-used pivot: contributor profiles list every other place they reviewed, which builds a movement pattern. Treat that as sensitive and scope-limited. Satellite layer is often older than the imagery in Google Earth Pro."
Google Street View,geoint,coordinates|address,photo|coordinates,https://www.google.com/streetview/,none,unknown,passive,yes,yes,Faces and vehicle plates are blurred by default. Coverage in Germany and Austria was historically constrained by opt-out programmes; verify currency before treating absence of imagery as meaningful.,B,"Multiple capture dates per location are selectable in the time slider, which turns Street View into a change-detection tool for signage, vehicles and construction. Coverage is dense in North America, Western Europe, Japan and Brazil, thin to absent in much of Africa, Central Asia and conflict zones. Rural coverage may be years stale."
Iowa Environmental Mesonet,geoint,coordinates|address,coordinates,https://mesonet.agron.iastate.edu,none,unknown,passive,yes,yes,University-operated rehost of observations issued by national meteorological services; check the licence of the underlying network before republishing.,B,"Free archive of ASOS, AWOS and METAR surface observations going back decades, with a download interface that returns raw observation rows for a chosen station and date range. This is the practical way to get the actual hourly observation - wind, visibility, cloud cover, present weather, temperature - for the day and hour a photograph or video claims. Coverage includes many non-US networks but is deepest for US stations. Graded B rather than A because it redistributes another body's observations rather than issuing them; for a load-bearing weather claim cite the issuing service. A station is not the scene: an airport METAR describes the airfield, and convective rain, fog and snow showers vary over a few kilometres."
Mapillary,geoint,coordinates|address,photo|coordinates,https://www.mapillary.com,account,unknown,passive,yes,no,Owned by Meta. Contributor imagery is licensed CC BY-SA; check licence terms before republishing frames.,B,"Crowdsourced street-level imagery, so coverage is patchy but often reaches roads, tracks and pedestrian areas no commercial car ever drove. Frequently the only street-level source for smaller towns and for post-event captures. Each image carries a capture timestamp and a contributor, which itself can be a pivot. Faces and plates are automatically blurred."
Meteostat,geoint,coordinates|address,coordinates,https://meteostat.net,none,Web interface is open; programmatic access requires a key and is quota-limited - check current terms.,passive,yes,yes,Aggregates national weather service data under their respective licences; attribution obligations follow the upstream source.,C,"Interface to historical hourly and daily weather for a coordinate, with the nearest-station lookup done for you, which makes it the fastest first check. Graded C because it is an aggregator: records are merged and gap-filled from several upstream networks, and aggregation is not corroboration. Its observations and those on any consumer weather site frequently descend from the same METAR and synoptic reports, so agreement between two such sites is one source and not two. Use it to form a weather hypothesis, then confirm against the issuing archive before a finding rests on it."
NASA FIRMS,geoint,coordinates,coordinates,https://firms.modaps.eosdis.nasa.gov,none,Map browsing is open; bulk and near-real-time API access requires a free key - limits unknown.,passive,yes,yes,US government data; public domain.,A,"Thermal anomaly and active fire detections from MODIS and VIIRS with acquisition timestamp and confidence per detection. Used in conflict work to corroborate strikes, shelling, burning of structures and flaring, and in environmental work for illegal burning. A detection is a hot pixel, not a confirmed fire - industrial flares, gas plants and solar glint produce recurring false positives, so check whether the same pixel burns every week before drawing a conclusion."
NASA Worldview,geoint,coordinates,photo|coordinates,https://worldview.earthdata.nasa.gov,none,unknown,passive,yes,no,US government data; public domain.,A,"Daily near-global true-colour and false-colour imagery from MODIS and VIIRS with a date slider, typically available within hours of acquisition. Resolution is 250m to 1km, so it answers questions about smoke plumes, flooding, dust, ice and large fires on a specific date, not about buildings or vehicles. Use it to establish that something happened on day X before spending money on high-resolution tasking."
National Collection of Aerial Photography,geoint,coordinates|address,photo|coordinates,https://www.ncap.org,account,unknown,passive,yes,yes,UK-held collection; copyright and reproduction fees apply to supplied prints and scans.,A,"One of the largest historical aerial photography archives, with worldwide coverage from military reconnaissance sorties including extensive Second World War and Cold War material over Europe, North Africa and the Middle East. Catalogue search is free; obtaining scans usually costs money and takes time. The right source when the question is what stood on a site before satellite imagery existed. The ncap.org.uk address redirects to ncap.org, which is the live catalogue."
NOAA National Centers for Environmental Information,geoint,coordinates|address,coordinates,https://www.ncei.noaa.gov,none,unknown,passive,yes,yes,US government data; most holdings are public domain.,A,"The authoritative archive for historical weather. Holds the Integrated Surface Database of global hourly surface observations, the Global Historical Climatology Network daily records, and a storm events database covering severe weather in the United States. This is what to cite when a chronolocation turns on whether it rained, snowed, froze or blew a gale at a place on a date, because it is the issuing archive rather than a reseller. Interfaces are dataset-specific and several search front ends exist - navigate from the homepage rather than assuming a query URL. Distance to the nearest reporting station is the limiting factor in sparsely instrumented regions."
OpenStreetMap,geoint,address|coordinates|company,coordinates|address|company,https://www.openstreetmap.org,none,unknown,passive,yes,yes,Data is ODbL licensed; derived published works carry share-alike obligations.,C,"The tag data is the value, not the rendered map. Objects carry operator, brand, phone, website, opening hours and building attributes that support geolocation from a single sign or storefront. The full edit history per object is public and shows who mapped what and when. For structured queries over tags within a bounding box use the Overpass API, reachable through the Overpass Turbo front end, rather than the main site search. Graded C rather than B because tags are contributed and are not systematically verified: an attribute is one mapper's claim at one point in time, so corroborate a load-bearing tag against imagery or a primary record before it enters findings."
Planet,geoint,coordinates,photo|coordinates,https://www.planet.com,paid,Commercial quotas; no meaningful free self-serve tier.,passive,yes,yes,"Licensed imagery; redistribution and publication are governed by the licence, and newsroom use usually needs a specific agreement.",A,"PlanetScope gives near-daily revisit at roughly 3m and SkySat gives sub-metre tasking, which is the practical way to date an event to a specific day rather than a week. No self-serve access - pricing is enterprise, though there are education, research and journalism programmes that have granted access case by case. The free NICFI tropical basemap programme changed terms over time; verify current availability rather than assuming."
ShadeMap,geoint,coordinates|photo,coordinates,https://shademap.app,none,Free tier with limited features; account unlocks more - limits unknown.,passive,yes,yes,,B,"Renders cast shadows over terrain and building models with a time-of-day slider, which handles the case SunCalc cannot: shadows thrown by surrounding buildings and hills rather than by the object itself. Useful for confirming whether a given window, courtyard or street would be in shade at a claimed time. Building height data comes from OpenStreetMap and other models, so accuracy degrades where buildings are unmapped or heights are estimated."
SunCalc,geoint,coordinates|photo,coordinates,https://www.suncalc.org,none,unknown,passive,yes,yes,,B,"Solar azimuth and elevation for a given coordinate, date and time, with shadow direction and length. The core chronolocation tool: measure a shadow-to-object ratio in a photo, and the solar elevation that produces it narrows the time of day, while the shadow bearing narrows the date range or the camera orientation. Two dates per year usually produce the same solar geometry, so a shadow alone gives an ambiguous pair - resolve with vegetation, weather or other evidence. Check whether the site applies local time or UTC before recording a result."
timeanddate.com,geoint,coordinates|address,coordinates,https://www.timeanddate.com,none,unknown,passive,yes,no,,B,"Covers the chronolocation questions SunCalc does not: sunrise, sunset and the three twilight phases for a date and place; moon phase, moonrise and moonset, which help date a night scene when the moon is visible; and historical time zone and daylight saving transitions, which is how a claimed local time is converted using the rule in force on that date rather than the rule in force now. Also carries past weather for many stations. Returned 403 to a plain HTTP client at the time of check, so open it in a browser. The astronomy is computed from ephemeris models and is exact; the weather is only as good as the nearest station."
USGS EarthExplorer,geoint,coordinates|address,photo|coordinates,https://earthexplorer.usgs.gov,account,Free account required for download; limits unknown.,passive,yes,yes,US government data; most holdings are public domain.,A,"The main free archive for historical imagery. Landsat back to 1972, US aerial photography from the 1930s onward, and declassified US intelligence satellite imagery including CORONA which covers much of the world at metre-scale resolution for the 1960s and 1970s. Ordering scanned film products can involve a fee and delay. The interface is dated but there is no equivalent free source for pre-2000 non-US imagery."
Yandex Maps,geoint,address|coordinates,coordinates|address|photo,https://yandex.com/maps,none,unknown,passive,yes,no,Russian-operated. Queries and any uploads are processed in Russia; do not use for targets where that disclosure matters.,B,"Best street-level panorama coverage across Russia, Belarus, Kazakhstan, other CIS states and Turkey, where Google Street View is absent. Also carries business listings and reviews for those regions. Panorama capture dates are shown and are frequently more recent than Western sources for the same cities."
192.com,identity,person_name|address|phone,person_name|address|phone,https://www.192.com,paid,unknown,passive,yes,no,"Resells the UK OPEN (edited) electoral register plus directory data. People who opted out of the open register are simply absent, which is common — absence here is not evidence of non-residence. UK GDPR applies to onward use.",D,"The standard commercial route to UK name-and-address history, with historical electoral roll editions going back over two decades, which is what makes it useful for an address timeline. Also carries company-director, property-ownership and phone directory data. Credits-based, and results are teased before purchase. The underlying register is authoritative but what you get is a filtered resale merged with other files, so aggregation is not corroboration — cite the register edition, not the 192 record."
Ancestry,identity,person_name|address,person_name|address|document,https://www.ancestry.com,paid,unknown,passive,yes,no,Subscription with a trial period. Same living-person sensitivity as FamilySearch. User-submitted family trees are unverified third-party assertions about living people and must never be cited as fact.,C,"Deepest commercial genealogical record set with digitised record images. Grade its two layers separately: scanned primary records are B, user-built family trees are D and routinely copy each other's errors, which manufactures false corroboration. Check for a source citation on every tree fact before using it."
Apollo.io,identity,company|domain|person_name,email|phone|person_name|social_profile,https://www.apollo.io,account,unknown,passive,yes,yes,"A substantial part of its contact graph derives from users syncing their own address books, so the data subjects never consented. High GDPR risk as a source of record. Treat output as a lead, not evidence.",D,"B2B contact database with deep coverage of corporate email patterns and direct dials. Free tier exists with an account and monthly credits. Good for enumerating a company's staff during an authorised phishing-surface assessment. Aggregation is not corroboration: agreement between brokers usually means a shared upstream file, not independent confirmation."
Bluesky,identity,username|person_name,social_profile|url|photo|username,https://bsky.app,none,unknown,passive,yes,api,"The protocol is public by design: posts, follows and handle history are fetchable without an account and without notifying the user. Public design does not by itself make bulk collection lawful under GDPR.",B,"AT Protocol data is genuinely open — profile records, post history and the follow graph are retrievable unauthenticated, and handle changes remain visible in the DID document, which makes it unusually good for tracking one identity across renames. Custom-domain handles bind an account to a domain the person controls, which is a hard link into an infrastructure pivot."
Clearbit,identity,email|domain,person_name|company|social_profile,https://clearbit.com,paid,unknown,passive,yes,yes,Enrichment on an identified individual is squarely personal-data processing and needs a lawful basis; legitimate interest rarely covers investigative use.,D,"Email and domain enrichment returning name, employer, role and social handles. STATUS: the homepage now reads Clearbit has joined HubSpot and the capability is being folded into HubSpot's own data product; the free logo and name-to-domain endpoints that many OSINT scripts depended on have been sunset. Confirm the product still exists in the form you need, and under which HubSpot SKU, before building on it. Enrichment broker, so aggregation is not corroboration."
email-format.com,identity,domain|company,email,https://www.email-format.com,none,unknown,passive,yes,yes,"Republishes third-party addresses without the subjects' involvement. Cite the underlying source, not this site, in anything published.",D,"Single-purpose: shows the observed email format for a domain plus sample addresses. Free and needs no account, so it is a fast first check before spending a Hunter credit. Coverage is thin outside large, US-centric organisations and samples are often years old. Aggregation is not corroboration — it republishes addresses harvested elsewhere and shows no per-address sourcing, so a match here does not confirm a Hunter or Apollo result."
EmailRep.io,identity,email,breach_record|social_profile,https://emailrep.io,free_key,unknown,active,yes,yes,"Reports whether an address has appeared in breach data as a boolean and never serves credentials, which keeps it on the permitted side of the non-public-corpus rule.",D,"Single-call reputation summary for an address: first-seen age, disposable or free-provider flags, malicious-activity history, linked profiles, and breach-exposure booleans. Now run by Sublime Security. The homepage demonstrates a plain unauthenticated curl, so low-volume queries work without a key and a free key raises the limit. Good triage on an unknown sender in a phishing or fraud case. MODE: the response carries deliverability fields (deliverable, accept_all, valid_mx) whose provenance is undocumented, and nothing published establishes that they are served from stored data rather than derived by contacting the target's mail server at query time. CONTRACT.md section 9 says uncertain means active, so this row is active and does not run under a passive-only scope. Have I Been Pwned answers the breach-exposure question passively and at a better grade, so the cost of that call is small. Sourcing is opaque and the output is aggregated from undisclosed feeds, so aggregation is not corroboration; grade findings from it no better than C3."
Epieos,identity,email|phone,social_profile|person_name|photo|url,https://epieos.com,account,unknown,active,yes,yes,"Performs third-party account-existence checks on your behalf; probes originate from Epieos rather than you, which shifts the exposure but does not remove it. Submitting a data subject's email to a hosted service is itself processing under GDPR.",C,"Best-known hosted email and phone to account mapper: Google account display name and profile photo, Gravatar, public calendar, and a battery of registration checks. Once fully anonymous, now account-gated and credit-limited. The Google-side output is the high-value part; treat the registration checks as Holehe-grade. The site advertises that it does not log queries and does not notify the target, but the underlying registration checks still touch third-party services, so the row stays active."
FamilySearch,identity,person_name|address,person_name|address|document,https://www.familysearch.org,account,unknown,passive,yes,no,"Free account required. Access to records of LIVING people is deliberately restricted, and several national record sets are contractually limited to on-site use. Genealogical research on a living private individual needs a real mandate — this is precisely the kind of source that turns due diligence into a dossier.",B,"Largest free index of primary vital records: births, marriages, deaths, census, immigration. Indexed by volunteers, so transcription error is the main failure mode — open the record image rather than trusting the index entry. Legitimate in KYC work for establishing historical family and address links on deceased or historical subjects."
Find a Grave,identity,person_name,person_name|coordinates|photo,https://www.findagrave.com,none,unknown,passive,yes,no,Memorial pages for the recently deceased frequently name living relatives. Collecting those relatives is scope creep onto people who are not your subject.,D,"Free index of grave memorials with photographs, dates, cemetery location and linked family members — often the cheapest way to establish a family structure around a deceased subject. Entirely user-contributed and Ancestry-owned: dates are frequently mistranscribed from weathered stones and relationships are inferred, so agreement with an Ancestry tree is not independent corroboration. Use it to generate leads for record searches, never as the record."
GHunt,identity,email,person_name|photo|social_profile|url,https://github.com/mxrch/GHunt,account,unknown,active,yes,yes,Requires you to supply your own authenticated Google session cookies. Using a Google account this way breaches Google's terms and may get the account locked. Never use a client's or an employer's account for it.,B,"Extracts what Google itself exposes for a Gmail address or gaia id: display name, profile photo, public Maps reviews and photos, and calendar where left public. Data quality is high because it comes from Google's own endpoints. Breaks whenever Google changes internals, so check the repo issues before trusting a null result."
Google Scholar,identity,person_name,person_name|company|url|photo,https://scholar.google.com,none,unknown,passive,yes,yes,No notification reaches the subject. Automated querying is blocked aggressively — do not build scraping into a workflow.,C,"Author profiles give affiliation, a verified-at-domain email indicator (a domain pivot), co-authors and citation history. The co-author graph is the useful part for mapping a research group. Automated author-to-paper matching is error-prone and profiles merge distinct people sharing a name, so verify before relying on a publication list."
Gravatar,identity,email,photo|username|url|social_profile,https://gravatar.com,none,unknown,passive,yes,yes,Nothing is disclosed to the target: you hash an address locally and fetch a public image. Profile fields are published deliberately by the account holder.,B,"Hash the lowercased trimmed address (historically MD5, SHA-256 now also supported) and request the avatar. A hit proves the address was registered with Gravatar and often exposes a public profile carrying a display name, linked accounts and additional verified emails. Silent and cheap, run it early on any email. Absence proves nothing. WordPress, Stack Overflow and many forums back onto it."
Holehe,identity,email,social_profile,https://github.com/megadose/holehe,none,unknown,active,yes,yes,"Uses password-reset and registration endpoints. In several jurisdictions probing an authentication flow for an account you do not own is arguably unauthorised access (US CFAA, UK Computer Misuse Act). Get it named in scope in writing before use.",C,"Tells you which sites an email address is registered on. Noisy in the worst way: several modules trip reset or verification emails to the target's inbox, so it can tip the target off directly. Never run it under a passive-only scope. Module coverage rots as sites change flows, and many checks fail silently to false."
Hunter.io,identity,domain|company|person_name,email|person_name,https://hunter.io,free_key,unknown,passive,yes,yes,Aggregates addresses crawled from public pages. GDPR Art.14 notification duties can attach when you obtain an EU data subject's address from a third party rather than from them.,C,"Primary use is corporate email PATTERN inference: Domain Search returns the observed format (first.last@, flast@) with a confidence score and a source URL per address, which is the part that makes it citable. Domain Search and Email Finder are index lookups and passive. The separate Email Verifier performs live MX and SMTP checks against the target's own mail server and is ACTIVE — do not call it under a passive-only scope."
Hunter.io Email Verifier,identity,email,email,https://hunter.io/email-verifier,free_key,free tier is a small monthly verification allowance,active,yes,yes,Unsolicited SMTP traffic to a mail server you do not own. Inside an authorised engagement this is fine; outside one it is traffic to infrastructure you have no permission to touch.,B,"Split out from the Hunter.io row because the mode differs and the distinction is the one people get wrong. Domain Search and Email Finder are index lookups and passive; the Verifier performs live MX and SMTP checks against the target's own mail server, so the connection lands in that server's logs and can alert a security team. ACTIVE - never call it under a passive-only scope. Catch-all domains return inconclusive rather than negative, so a positive result on a catch-all domain says nothing about the specific mailbox. NeverBounce is the direct equivalent."
Keybase,identity,username|email,social_profile|username|url,https://keybase.io,none,unknown,passive,yes,yes,"Proofs are published voluntarily by the account holder for exactly this purpose, so reading them is uncontroversial.",B,"Cryptographically signed identity proofs binding a username to accounts on other platforms, to domains, and to a PGP key. A validating proof is one of the very few HARD cross-platform links available — a named linking datapoint in the sense the identity-confusion guard requires. Acquired by Zoom in 2020 and effectively unmaintained since; existing proofs still resolve but coverage stopped growing, so absence means nothing."
Legacy.com,identity,person_name,person_name|address|url,https://www.legacy.com,none,unknown,passive,yes,no,"Obituaries are family-published and routinely name surviving relatives, employers and towns. Treat named survivors as out of scope unless the case question actually reaches them.",C,"Aggregates obituaries from thousands of US and Canadian newspaper and funeral-home partners, with older items sitting behind the originating paper. An obituary is a dense identity document: name variants, date and place of death, employer, military service, family. Family-submitted and therefore unverified, and paid death notices can contain deliberate omissions. Cite the originating newspaper, not the aggregator page."
LexisNexis Accurint,identity,person_name|address|phone|company,person_name|address|phone|company|document,https://www.accurint.com,paid,unknown,passive,yes,yes,"US. Same GLBA and DPPA permissible-purpose gate and the same credentialing as CLEAR; misuse has led to enforcement against individual investigators. Searches are logged. FCRA-regulated products exist as a SEPARATE offering — the standard investigative product is not one, so do not use it for eligibility decisions.",D,"The main competitor to CLEAR and the other half of the US investigative-data duopoly. Same shape: credit-header identity resolution, address history, relatives and associates, assets, court and licence records, all source-dated. www.accurint.com is the customer product portal; risk.lexisnexis.com is the corporate site and does not carry an Accurint product page. Because both draw on overlapping upstream files, a match in CLEAR and in Accurint is NOT independent corroboration."
libphonenumber,identity,phone,phone|company,https://github.com/google/libphonenumber,none,none (offline library),passive,yes,yes,Fully offline. No data leaves the machine and no third party learns which number you looked at. Safest possible first step on a phone selector.,B,"Google's phone metadata library and the reference implementation for parsing, validating and normalising to E.164, with region, timezone and carrier mapping from the numbering plan. Authoritative on what a number CAN be; it cannot tell you whether the number is assigned. Graded B not A because the metadata is a curated third-party copy of regulator-published numbering plans and lags allocation changes — pin the library version in your notes. Ported numbers keep the original allocation prefix, so treat carrier output as the original allocation and not the current carrier."
LinkedIn,identity,person_name|company|email,social_profile|company|person_name|photo,https://www.linkedin.com,account,unknown,active,yes,yes,"hiQ v. LinkedIn narrowed CFAA exposure for scraping public profiles, but LinkedIn's user agreement still forbids it and the breach-of-contract route survived, so scraping remains legally exposed. Employment history on EU and UK subjects is personal data.",C,"ACTIVE BY DEFAULT: viewing a profile notifies its owner unless you are in private browsing mode, and private mode disables your own who-viewed-me data. This is the single most common way an investigator tips off a corporate target. Prefer a logged-out view or a search engine's site: operator. Content is self-asserted — B evidence of what the person CLAIMS, C evidence of fact."
Maigret,identity,username,social_profile|url|person_name|email,https://github.com/soxoj/maigret,none,unknown,active,yes,yes,"Same enumeration exposure as Sherlock, plus it parses hit pages, which is scraping under most platform ToS.",C,"Sherlock-derived but parses matched profile pages and extracts names, bios, ids and sometimes emails, so it produces pivots rather than a bare URL list. Emits HTML and PDF reports. Recursive search on discovered ids widens scope fast; cap it against the case question."
NeverBounce,identity,email,email,https://www.neverbounce.com,paid,unknown,active,yes,no,SMTP probing of a third party's mail server. Inside an authorised engagement this is fine; outside one it is unsolicited traffic to infrastructure you do not own.,B,"Deliverability verification: syntax, MX presence, catch-all detection and an SMTP RCPT check. ACTIVE — the check connects to the target domain's mail server and the connection lands in that server's logs, which can tip off a security team. Catch-all domains return inconclusive, not negative. Trial credits exist but real use is paid. Use only when deliverability is genuinely the question."
North Carolina Voter Registration Data,identity,person_name|address,person_name|address,https://www.ncsbe.gov/results-data/voter-registration-data,none,unknown,passive,yes,yes,"North Carolina publishes the statewide voter registration file and voter history as bulk downloads under state public-records law. This is jurisdiction-specific: US state voter files range from freely downloadable, through restricted to political committees, to barred for commercial use entirely. Never assume another state matches — confirm the receiving state's rules before requesting or using a file.",A,"Primary state record and one of the most openly published voter files in the US. Gives registered name, residential and mailing address, age range, registration date, party and precinct, plus per-election participation history — excellent for an address timeline or testing a residency claim. Sensitive identifiers such as SSN and driver licence number are withheld. The endpoint is the voter registration data page itself, under the board's results and data section."
Numverify,identity,phone,phone|company,https://numverify.com,free_key,unknown,passive,yes,yes,"The provider learns which number you queried. Free-tier terms have historically restricted the free plan to plain HTTP, which would expose the queried number in transit — check the current plan terms before use.",C,"Hosted validation returning validity, country, location, carrier and line type from a database rather than a live network query. Convenient wrapper over what libphonenumber already gives you offline, plus a carrier field. apilayer-operated, small free tier. Carrier data suffers the same number-porting problem as any prefix-derived lookup."
OpenAlex,identity,person_name|company,person_name|company|url,https://openalex.org,none,unknown; higher limits are offered to callers who supply a contact email,passive,yes,api,Fully open bibliographic data under CC0. Successor to the discontinued Microsoft Academic Graph.,B,"Open scholarly index of works, authors and institutions with a free API and no key requirement, which makes it the automatable alternative to Google Scholar. Author disambiguation is algorithmic and imperfect on common names — expect both split and merged author records. Institution linkage is good enough to test a claimed affiliation."
ORCID,identity,person_name|email,person_name|company|url,https://orcid.org,none,unknown,passive,yes,no,Researchers publish these records deliberately. Fields may be marked private by the holder; only the public view is fair game.,C,"Persistent researcher identifier resolving to employment history, education, funding and publications. Excellent for disambiguating common names in academia and for testing a claimed affiliation or doctorate during due diligence. Grade the layers separately: the identifier and its linked works are B, but most employment and education fields are self-asserted by the holder and are C at best. Entries asserted by the institution itself are flagged as such in the record and are the ones worth citing."
PhoneInfoga,identity,phone,company|url,https://github.com/sundowndev/phoneinfoga,none,unknown,passive,yes,yes,"Numbering-plan analysis is neutral, but the search-engine scanners it drives put the number into third-party query logs.",C,"Numbering-plan parsing (country, area, line type) plus scanners that pivot the number into search engines and reverse-lookup sites. Local reconnaissance only — it does not dial or message the number. Several bundled scanners need their own API keys and silently no-op without them, so check which scanners actually ran before recording a negative."
Pipl,identity,email|phone|username|person_name,person_name|email|phone|social_profile|address,https://pipl.com,paid,unknown,passive,yes,yes,"Closed its free consumer search in 2019 and now sells only to identity-verification, fraud and investigative customers under contractual use restrictions. Non-FCRA. Access is gated on a stated permissible use, so expect to justify the engagement.",D,"Identity-resolution service linking email, phone, username and name into a single person record; notably better than consumer aggregators at username-to-person because it indexes profile data rather than only public records. Now positioned primarily as enterprise fraud and risk intelligence rather than an investigator lookup, so confirm the search product you need is still sold separately. Sourcing is disclosed per field and confidence is scored, which is better than its consumer peers, but it remains an aggregator and aggregation is not corroboration."
PubMed,identity,person_name,person_name|company|url,https://pubmed.ncbi.nlm.nih.gov,none,unknown,passive,yes,no,"US National Library of Medicine primary index, public and free to query.",A,"Authoritative for the biomedical publication record. In due diligence it is the fastest way to test a claimed clinical or research career, and author affiliation strings give employer history with dates. Retraction notices are indexed and linked, which matters when assessing a subject's credibility. Biomedical coverage only — absence says nothing about other fields."
Reddit,identity,username,social_profile|url,https://www.reddit.com,none,unknown,passive,yes,no,Public profile pages are viewable without an account and without notifying the user. Usernames are frequently pseudonymous and frequently reused across platforms — a name match is not an identification.,B,"A user page lists post and comment history with timestamps, the richest free source of routine, timezone and interest signals attached to a username. OPERATIONAL: robots.txt now disallows every user-agent and the Public Content Policy restricts reuse, and the site serves a bot-verification interstitial to non-browser clients, so expect manual browsing rather than scripted fetches. Deleted content is gone from the live site, so check archives. Pushshift, which made historical Reddit fully searchable, lost public access after the 2023 API changes — assume gaps in any historical query."
RocketReach,identity,person_name|company|email,email|phone|social_profile,https://rocketreach.co,paid,unknown,passive,yes,no,"US sales-intelligence data broker. Not an FCRA consumer reporting agency, so output must not be used for employment, tenancy, credit or insurance decisions. EU and UK subjects hold erasure rights against it.",D,"Contact-data aggregator over scraped profiles and partner feeds. Useful for corporate email and direct-dial discovery on a named individual at a named employer. D reliability: it aggregates other aggregators, records go stale, and aggregation is not corroboration — a hit is only evidence that a broker asserts a link."
Sherlock,identity,username,social_profile|url,https://github.com/sherlock-project/sherlock,none,unknown,active,yes,yes,"Probes several hundred third-party platforms directly from your IP. Automated account enumeration is contested under some platform ToS and some computer-misuse statutes. Run it from scoped egress, not from a client network.",C,"Open-source CLI username enumerator. Triage, not evidence: high false positives on sites that return 200 for every path, and false negatives where a platform blocks datacentre IPs. Confirm every hit by opening the profile yourself. Site list drifts, re-pull before a case."
Spokeo,identity,person_name|email|phone|address,person_name|phone|address|email,https://www.spokeo.com,paid,unknown,passive,yes,no,"US in practice. NOT an FCRA consumer reporting agency — output must not be used for employment, tenancy, credit, insurance or any other FCRA-covered eligibility decision. Spokeo v. Robins is the leading US authority on standing to sue an aggregator over inaccurate records. CCPA and CPRA give California residents deletion rights, which matters in self-audit work.",D,"Consumer people-search over public records, marketing data and social profiles. D reliability and it matters: it merges records on weak keys, so a single report routinely blends two different people. ITS AGGREGATION IS NOT CORROBORATION — five aggregators agreeing normally means they bought the same upstream file. Generate a lead here, then verify against a primary record."
ThatsThem,identity,person_name|email|phone|address|ip,person_name|address|phone|email,https://thatsthem.com,none,unknown,passive,yes,yes,"US only, non-FCRA, free. The reverse-email and reverse-IP features surface data the subject almost certainly did not knowingly publish — check the case question actually reaches that far before using them.",D,"Free aggregator whose advantage over its peers is the breadth of accepted selectors: name, address, phone, email and IP all resolve into the same record set. The site now promotes a free registration for instant access, so confirm whether unauthenticated search still returns full records before relying on it. It states it draws on over fifty upstream sources — aggregation is not corroboration, and a second opinion here on a Spokeo or Whitepages hit is likely the same upstream file restated. Its IP-to-household mapping is marketing-derived and frequently wrong."
Thomson Reuters CLEAR,identity,person_name|address|phone|company,person_name|address|phone|company|document,https://legal.thomsonreuters.com/en/products/clear,paid,unknown,passive,yes,yes,"US. Requires a credentialed account and a declared GLBA and DPPA permissible purpose; motor-vehicle and credit-header data are restricted by federal statute and misuse is personal legal exposure, not merely a contract breach. Every search is logged and auditable, and those logs are discoverable.",D,"Investigator-grade aggregator over credit headers, court records, liens, licences, vehicles and corporate filings. Far better sourced than consumer people-search: each element carries a source and a date range, so a report can be unpicked back to a primary record — do that, and cite the primary record, because aggregation is not corroboration and its own output advises verification. Standard tooling in US corporate due diligence and fraud work."
Truecaller,identity,phone,person_name|company,https://www.truecaller.com,account,unknown,active,yes,yes,"Its database is built from users uploading their own address books, so most entries describe people who never consented; it has drawn data-protection scrutiny in the EU and India. Installing the app to run a search will upload YOUR contacts, a disclosure of third-party data you are probably not entitled to make. Use a clean device or do not use it.",D,"Crowdsourced reverse phone lookup with strong coverage in South Asia, the Middle East and parts of Africa where commercial lookups return nothing. ACTIVE — the premium who-viewed-my-profile feature surfaces searchers to the person being searched, and suppressing that requires the searcher's own premium incognito mode, so a logged-in search can tip off the target exactly the way a LinkedIn profile view does. A name here is whatever other users saved the number as, so it can be a nickname, a stale label or a smear; aggregation is not corroboration and a Truecaller name is never an identification on its own."
TruePeopleSearch,identity,person_name|phone|address,person_name|phone|address,https://www.truepeoplesearch.com,none,unknown,passive,yes,no,"US only, free, ad-supported, non-FCRA. Because it is free and unauthenticated it is the first place a harasser looks, so filing an opt-out here is a standard deliverable in a self-audit engagement.",D,"Free reverse lookup on name, phone or address returning current and prior addresses, age, and named relatives and associates. Prior-address coverage is genuinely good for building an address timeline. D reliability, no sourcing shown at all, and the relative graph includes people who merely shared an address at some point. Aggregation is not corroboration."
Twilio Lookup,identity,phone,company|person_name,https://www.twilio.com/docs/lookup,paid,unknown,passive,yes,yes,"Caller-name (CNAM) data is US-centric and its use is constrained by carrier agreements. Some Lookup packages query carrier systems and leave a record on the carrier side, though nothing reaches the subscriber.",B,"The most reliable commercially available line-type and carrier lookup, because it resolves against carrier databases rather than prefix guesses and therefore handles ported numbers correctly. CNAM returns a registered caller name for many US landline and mobile numbers, which is a genuine name pivot. Priced per lookup per package."
UK Register of Electors,identity,person_name|address,person_name|address,https://www.gov.uk/electoral-register,none,unknown,passive,yes,yes,"Two registers exist and the distinction is the whole point. The OPEN (edited) register is sold to anyone and is what commercial lookup services resell. The FULL register may lawfully be used only for elections, law enforcement, credit referencing and other prescribed purposes, and is inspectable only under supervision at the local authority without copying. Using full-register data outside a prescribed purpose is an offence. Individuals may opt out of the open register, so absence proves nothing.",A,"Authoritative UK name-to-address record. The endpoint is the GOV.UK guidance page that explains the two registers and points to the local-authority route; there is no national online lookup. In practice you reach the open register through a commercial reseller and the full register through a permitted-purpose route or supervised council inspection. Registers are compiled locally, so you need the right council. Rolling registration means the published version lags a move by weeks."
WhatsMyName,identity,username,social_profile|url,https://whatsmyname.app,none,unknown,active,yes,no,"The web UI issues the probe requests from the analyst's own browser, so each platform sees your IP and browser fingerprint rather than a shared service's.",C,"Detection ruleset (wmn-data.json) maintained by OSINT Combine and contributors, consumed by many other username tools; the JSON list is the real asset and can be used offline. Better curated than Sherlock's list and records a per-site account-exists indicator. Still triage-grade, confirm each hit manually."
Whitepages,identity,person_name|phone|address,person_name|phone|address,https://www.whitepages.com,paid,unknown,passive,yes,yes,"Same FCRA prohibition as any people-search: not for employment, tenancy, credit or insurance decisions. Offers an opt-out, which is a standard deliverable step in a self-audit engagement.",D,"Oldest of the US directory aggregators, strongest on the phone-to-address-to-name triangle and on identifying landlines and household composition. Free tier shows partial results, full report is paid. Same D-grade merging problem as all aggregators — aggregation is not corroboration, so treat every reported relative and associate as an unverified assertion."
X (formerly Twitter),identity,username|person_name|company|domain|url|photo,username|social_profile|person_name|url|photo|video,https://x.com,account,unknown,passive,yes,no,"Posts are self-published by the account holder and viewing does not notify them. Bulk collection about EU and UK subjects remains personal-data processing however public the posts are. The twitter.com domain redirects to x.com, and older links, embeds and archived references still carry the old host.",C,"The strongest free operator set on any social platform, exposed through the advanced search form: from:, to:, since: and until: with YYYY-MM-DD dates, filter:media, filter:links and filter:replies with a leading minus to invert, lang:, url:, min_faves:, min_retweets: and min_replies:, and list:. filter:verified survived but its meaning did not - since verification became a paid subscription it no longer indicates identity verification and is worthless as an authenticity signal. Logged-out browsing and search were closed off in 2023, so an account is required and that account is itself an exposure: reading does not notify the target, but it does feed the recommendation graph, which can surface you in the target's suggestions. Bot protection defeats scripted fetching - use a browser. Deleted posts vanish from the site, so pivot to the web archives. Content is self-asserted: B evidence of what the account claimed and when, C evidence of fact."
Amass,infra,domain,subdomain|ip|netblock|asn,https://github.com/owasp-amass/amass,none,depends on the data sources you configure,active,yes,yes,,B,"OWASP subdomain enumeration and network mapping. Marked active because default operation resolves candidate names and brute-forces, which touches target infrastructure; it does have a passive-only mode, and you must select it deliberately. Most of its value comes from third-party API keys you supply."
APNIC Whois,infra,ip|netblock|asn,netblock|asn|company|address|email,https://wq.apnic.net/,none,queries are throttled to protect personal data,passive,yes,yes,Asia-Pacific service region.,A,"Primary registry for Asia-Pacific allocations, same object model as RIPE. Many records refer down to a national NIR such as JPNIC, KRNIC or CNNIC that holds the finer-grained assignment - follow the referral instead of stopping at the APNIC-level record."
ARIN Whois-RWS,infra,ip|netblock|asn,netblock|asn|company|address|email|person_name,https://search.arin.net/rdap/,none,unknown,passive,yes,yes,North America and parts of the Caribbean.,A,"ARIN RDAP and Whois-RWS search. Authoritative for North American allocations and returns organisation records, POC handles and - critically - the customer records for reassigned sub-blocks, which often name the downstream user rather than the ISP that holds the parent block."
BuiltWith,infra,domain|url|subdomain,domain|url|company,https://builtwith.com/,account,free view returns partial results,passive,yes,yes,,C,"Technology profile of a site drawn from BuiltWith own crawl, plus the pivot that actually matters: reverse lookup by analytics identifier, ad-network ID or tracking code to find every other site sharing it. That reverse lookup is a paid feature. Crawl-based, so entries lag reality and dead technologies linger. Wappalyzer covers similar ground but has moved largely behind payment."
Censys Search,infra,domain|subdomain|ip|netblock|asn|ssl_cert,ip|domain|subdomain|ssl_cert|url|asn,https://search.censys.io/,account,free tier query cap,passive,yes,no,,B,"Internet-wide scan data plus a strong certificate index; you read Censys snapshots, so the target observes nothing. Best used for certificate-field pivots - subject organisation, SAN lists - and for finding hosts a domain used to point at. Free access has been progressively restricted; expect an account and a low query cap. Marked unverified because both search.censys.io and platform.censys.io answer automated requests with a bot-protection interstitial; the corporate site at censys.com does respond, so confirm the current search entry point in a browser before scripting against it."
CIRCL Passive DNS,infra,domain|subdomain|ip,domain|subdomain|ip,https://www.circl.lu/services/passive-dns/,account,unknown,passive,yes,yes,EU (Luxembourg) operator; access granted case by case to vetted requesters.,B,"Passive DNS run by the Luxembourg national CERT. Not an open service - credentials are issued to CSIRTs, researchers and other vetted parties, which fits threat-intel and DFIR work but rarely ad hoc journalism. Strong European coverage. CIRCL also runs a separate passive SSL service on the same site."
Cloudflare 1.1.1.1 DNS over HTTPS,infra,domain|subdomain|ip,ip|domain|subdomain,https://cloudflare-dns.com/dns-query,none,unknown,active,yes,yes,,B,"RFC 8484 DoH endpoint; also answers a JSON form with name and type parameters when the request carries an application/dns-json accept header, confirmed live. A bare GET returns 400, which is correct behaviour and not an outage. Worth querying alongside Google Public DNS: geo-steered and split-horizon zones return different answers to different resolvers, and the difference is itself a finding. Same active caveat - the query ends up at the target nameservers."
crt.sh,infra,domain|subdomain|company|ssl_cert,subdomain|domain|ssl_cert,https://crt.sh/,none,unknown,passive,yes,no,,B,"Searchable mirror of the public Certificate Transparency logs and the single best zero-key subdomain source: every publicly trusted TLS certificate issued for a name lands here. Blind spots are structural - wildcard certificates hide the specific hostname, and internal hosts that never got a public certificate never appear. Operated by Sectigo; large-estate queries frequently time out."
dig (BIND DNS utilities),infra,domain|subdomain|ip,ip|domain|subdomain,https://www.isc.org/bind/,none,none,active,yes,yes,,A,"Local CLI and the reference client. Direct observation of the live zone: A, AAAA, MX, NS, TXT, SOA, CAA and PTR. Querying the target own nameservers directly is the most detectable form of DNS lookup - go through a public resolver when that matters. Windows equivalents: nslookup or Resolve-DnsName."
DNSDB (DomainTools Farsight),infra,domain|subdomain|ip,domain|subdomain|ip,https://www.domaintools.com/,paid,contract-based,passive,yes,yes,,A,Large commercial passive DNS built from real recursive-resolver observations - the reference dataset for historical resolution and for finding every name that ever pointed at an IP. Farsight Security was acquired by DomainTools in 2021 and the product now sits under the DomainTools brand; older farsightsecurity.com links and standalone tooling from pre-2021 guides may no longer work as documented.
DNSDumpster,infra,domain,subdomain|ip|netblock,https://dnsdumpster.com/,account,free tier is capped per day,active,yes,yes,,C,"Free subdomain and DNS map operated by HackerTarget. Its subdomain discovery is drawn from collected open-source data rather than brute force, but the record view it returns for a submitted domain is current, and there is no public documentation establishing that every field comes from a stored snapshot. Graded active on that uncertainty: if it does resolve at query time, the target authoritative nameservers see a lookup from HackerTarget infrastructure, not from you. Coverage is shallow next to certificate-transparency enumeration; use it as a first pass, never as the complete answer. API access requires an account."
DomainTools,infra,domain|ip|email|person_name,domain|ip|email|person_name|company|address,https://www.domaintools.com/,paid,contract-based,passive,yes,yes,,B,"The deepest historical WHOIS archive plus reverse WHOIS by registrant name, email or phone - the primary way to tie a set of domains to one registrant across time. Expensive with no meaningful free tier. The pre-GDPR historical records are the highest-value part, because that data is redacted everywhere else today."
FOFA,infra,ip|netblock|domain|ssl_cert|subdomain,ip|domain|url|ssl_cert,https://fofa.info/,account,free tier result cap,passive,yes,yes,"Operated from China; queries, account details and payment data fall under Chinese jurisdiction.",C,Internet asset search with markedly better coverage of Chinese and other Asian infrastructure than Shodan or Censys - worth a second pass whenever a target hosts in that region. Weigh the jurisdiction before submitting a sensitive selector to it.
Google Public DNS,infra,domain|subdomain|ip,ip|domain|subdomain,https://dns.google/,none,unknown,active,yes,yes,,B,"DoH and JSON resolver; the JSON form at /resolve with name and type parameters was confirmed returning a live answer. Resolution reaches the target authoritative nameservers through Google recursive infrastructure, so treat it as active - though the target sees a Google resolver IP, not yours. Accepts an IP for PTR (reverse DNS) lookups."
GreyNoise,infra,ip,ip,https://www.greynoise.io/,free_key,free tier daily lookup cap,passive,yes,yes,,B,Answers one narrow question well: is this IP opportunistic internet background noise or is it aimed at you specifically. The fastest way to discard an alert or an IP before spending hours attributing it. It will not tell you who owns the host - pivot to an RIR for that.
Hurricane Electric BGP Toolkit,infra,asn|ip|netblock|domain|company,asn|netblock|ip|domain|company,https://bgp.he.net/,none,unknown,passive,yes,yes,,B,"Free and fast: ASN to announced prefixes, prefix to origin ASN, peers, upstreams, and the DNS names HE has observed inside a netblock. Standard first stop for what else does this organisation announce. Routing and peering data is solid; the DNS-names-in-prefix view is best-effort and incomplete."
IANA RDAP Bootstrap Registry,infra,domain|ip|netblock|asn,url,https://data.iana.org/rdap/,none,none,passive,yes,yes,,A,"Authoritative machine-readable files mapping TLDs, IPv4 and IPv6 ranges and ASN ranges to the RDAP base URL that actually serves them. The directory listing was confirmed to contain dns.json, ipv4.json, ipv6.json, asn.json and object-tags.json. This is how you find the correct registry endpoint for any object instead of guessing - including all five RIRs, so LACNIC and AFRINIC objects are reachable from here without a separate row. No key, no throttle."
ICANN Lookup,infra,domain,person_name|email|company|address|domain,https://lookup.icann.org/,none,unknown,passive,yes,no,Registrant contact fields for most gTLDs are redacted under GDPR; unredacted data normally requires a documented request to the registrar.,A,"ICANN own registration data lookup. Authoritative for registrar, EPP status codes, nameservers and dates even when the contact block is redacted. Creation date, registrar transfers and status codes are usually more evidentially useful than the redacted contacts anyway. Served as a JavaScript application, so scripted retrieval gets a shell page - use RDAP for machine-readable output."
IPinfo.io,infra,ip|netblock|asn,asn|netblock|company|coordinates|address,https://ipinfo.io/,free_key,free tier monthly request cap,passive,yes,yes,,C,"IP context: ASN, carrier, and hosting, VPN and proxy flags plus coarse geolocation. The privacy-service flags are the genuinely valuable part - they tell you an address is a commercial VPN exit before you build a theory on its apparent country. Same accuracy caveats as any GeoIP dataset."
LeakIX,infra,ip|netblock|domain|subdomain,ip|domain|url,https://leakix.net/,account,free tier limited,passive,yes,yes,Indexes exposed data and misconfigured services; retrieving exposed content beyond metadata may be unlawful in some jurisdictions even where the index itself is public.,C,"Search over hosts with exposed services and open databases. In an authorised assessment it shows what is already public about the client estate. Read the metadata, not the exposed contents - pulling leaked data is outside passive collection and outside almost every engagement scope."
MaxMind GeoLite2,infra,ip|netblock,coordinates|address|asn,https://dev.maxmind.com/geoip/geolite2-free-geolocation-data/,free_key,download quota per licence key,passive,yes,yes,,C,"Free downloadable country, city and ASN databases. Since 2019 a registered account and licence key are required even for the free files. City accuracy is poor and coordinates are frequently the centroid of a country or region rather than a real place - never present a GeoIP coordinate as a location finding about a person."
Microsoft Defender Threat Intelligence (PassiveTotal),infra,domain|subdomain|ip|ssl_cert|email,domain|subdomain|ip|ssl_cert|email,https://ti.defender.microsoft.com/,paid,tiered by licence,passive,yes,no,,B,"RiskIQ PassiveTotal was absorbed into Microsoft Defender Threat Intelligence and the free community tier that most older OSINT guides reference has been withdrawn - community.riskiq.com no longer serves it. Access now depends on a Microsoft licence, so this is a paid source with no free path in. Still among the better passive DNS, host-pair and tracker-ID datasets if the licence is available to you. Marked unverified because the host redirects straight into a Microsoft sign-in flow whose return address is the Defender portal - the destination is plainly Microsoft, but nothing behind the login could be observed to confirm this is the MDTI entry point."
MXToolbox,infra,domain|ip,ip|domain|company,https://mxtoolbox.com/,none,free tier limited; paid plans add monitoring,active,yes,yes,,C,"Web front end for MX, SPF, DKIM, DMARC and blacklist checks. Fastest route from a domain to its mail provider and to the third parties authorised in SPF, which frequently names CRM, marketing and ticketing vendors. Performs live lookups, so it is active; results are not published."
Nmap,infra,ip|netblock|domain|subdomain,ip|url,https://nmap.org/,none,none,active,yes,yes,Unauthorised port scanning is a criminal offence in several jurisdictions; scan only assets named in a written scope.,A,"Direct observation - the authoritative answer for what is listening right now, and the reference implementation for service and version detection. Fully active: packets originate from your host and appear in the target logs with your source address. Requires active_allowed in scope plus a fresh confirmation naming the specific host set."
PeeringDB,infra,asn|company,company|address|asn|email,https://www.peeringdb.com/,account,unknown,passive,yes,yes,,C,"Network operators self-published interconnection records: facilities, internet exchange points, traffic levels and NOC contacts. The most direct route from an ASN to physical data-centre locations and named operational staff. Graded C because every record is a self-report by the network itself with no registry verification, and stale entries are common - a PeeringDB facility is a claim by the operator, not an established fact. Some fields require a logged-in account."
Qualys SSL Labs Server Test,infra,domain|subdomain|url,ssl_cert|ip,https://www.ssllabs.com/ssltest/,none,concurrent-assessment limits,active,yes,yes,,B,"Thorough TLS configuration and certificate-chain assessment. Two gotchas that matter operationally: it connects to the target from Qualys infrastructure, and results are added to a public board unless you tick the option to hide them - so a careless test publishes the fact that someone is examining the target."
RDAP.org,infra,domain|ip|netblock|asn,domain|person_name|email|company|address|netblock|asn,https://rdap.org/,none,unknown,passive,yes,yes,,B,"Redirector that routes an RDAP query to the correct registry using the IANA bootstrap, so you do not have to know which registry holds the object. A live domain query was observed redirecting to the registry own RDAP server, which is the behaviour to expect and the reason this is a router rather than a dataset. Returns structured JSON where legacy WHOIS returns unparseable free text. Third-party operated - for evidentiary work, follow the redirect and quote the registry own response. The homepage itself redirects to about.rdap.org; the query paths remain on rdap.org."
RIPE Atlas,infra,domain|ip,ip,https://atlas.ripe.net/,account,measurement credits,active,yes,no,,A,"Global probe network for traceroute, ping and DNS measurements. Active twice over: real packets reach the target from real hosts, and the measurement definition is publicly visible on Atlas, which can disclose your interest in a target to anyone watching. Reading other people existing public measurement results is passive and often enough."
RIPE Database,infra,ip|netblock|asn,netblock|asn|company|address|email|person_name,https://apps.db.ripe.net/db-web-ui/query,none,personal-data queries are throttled per source IP per day,passive,yes,no,"Covers Europe, the Middle East and Central Asia. Personal data in the database is subject to GDPR and to the RIPE database acceptable-use terms - bulk extraction of contact objects is prohibited.",A,"Primary registry for allocations in the RIPE region. The inetnum, route, aut-num and abuse-c objects give registered holder, maintainer and abuse contact. Registered holder is not the operator: large blocks are routinely sub-assigned, and the more specific object is the one that names the real user."
RIPEstat,infra,ip|netblock|asn|domain,asn|netblock|ip,https://stat.ripe.net/,none,unknown,passive,yes,yes,,A,"RIPE NCC data portal over registry and routing data: announced prefixes, ASN neighbours, routing history from the RIS collectors, abuse contacts and blocklist observations. Coverage is global, not limited to the RIPE service region, and RIPE NCC operates much of the underlying measurement itself. A documented public data API exists."
SecurityTrails,infra,domain|subdomain|ip|email,subdomain|domain|ip|netblock|email|person_name,https://securitytrails.com/,free_key,free tier is a small monthly query quota,passive,yes,no,,B,"Historical DNS and historical WHOIS plus reverse lookup by nameserver, MX record and WHOIS field. One of the few practical answers to what did this domain resolve to two years ago. The free tier has been repeatedly reduced - confirm the current quota before planning a case around it. Marked unverified because the host answers automated requests with a bot-protection interstitial rather than the site, so the endpoint could not be confirmed from evidence; open it in a browser before relying on it."
Shodan,infra,ip|netblock|domain|asn|ssl_cert|file_hash|subdomain,ip|domain|url|ssl_cert|netblock,https://www.shodan.io/,free_key,credits per plan; free accounts are heavily limited,passive,yes,yes,,B,"Queryable index of Shodan own internet-wide scans - you read their snapshot and the target sees nothing. Banners, TLS certificates, exposed services, screenshots. Supports favicon pivoting through the http.favicon.hash filter, which surfaces every other host serving an identical favicon and is one of the strongest infrastructure-clustering techniques available. Snapshots can be weeks stale, so a hit means was, not is. Shodan also sells on-demand scanning, which is active and not covered by this row."
SSLMate Cert Spotter,infra,domain|subdomain|ssl_cert,subdomain|domain|ssl_cert,https://sslmate.com/certspotter/,free_key,free tier limited,passive,yes,yes,,B,Certificate Transparency search with monitoring and alerting on newly issued certificates for a domain. The monitoring angle is what distinguishes it from crt.sh: you watch an estate over the life of an engagement instead of taking one snapshot. Same structural CT blind spots apply.
subfinder,infra,domain,subdomain,https://github.com/projectdiscovery/subfinder,none,depends on configured provider keys,passive,yes,yes,,B,Passive-only subdomain enumeration in default operation: queries dozens of third-party datasets and CT sources and sends nothing to the target. It also ships an opt-in active mode that resolves discovered names - selecting it changes the mode of the step and needs the same authorisation as any other active collection. Output quality tracks how many provider keys you configure - with none it falls back to a handful of free sources and under-reports badly.
Team Cymru IP-to-ASN Mapping,infra,ip|netblock,asn|netblock,https://www.team-cymru.com/,none,unknown,passive,yes,yes,,A,"Long-running free service for attributing large IP lists to origin ASN, prefix and registry without hammering RIR whois - the standard tool for bulk enrichment of log data. Query interfaces are documented on the vendor site; read the current documentation rather than reconstructing the lookup format from memory."
testssl.sh,infra,domain|subdomain|ip|url,ssl_cert,https://testssl.sh/,none,none,active,yes,yes,,A,"Local shell tool for TLS inspection: full certificate detail, SAN list, chain, protocol and cipher support. Same evidence as SSL Labs without any third party learning the target - but the connection still originates from your own host. The SAN list on a live certificate is an often-overlooked subdomain source."
urlscan.io (search public scans),infra,domain|subdomain|url|ip|ssl_cert,domain|subdomain|url|ip|ssl_cert,https://urlscan.io/,free_key,free tier search quota,passive,yes,yes,,B,"Searchable archive of scans other people already ran: screenshots, DOM, every domain and IP the page contacted, and the certificates in use at that moment. Purely passive - you are reading someone else capture. Always check here before submitting a scan of your own."
urlscan.io (submit new scan),infra,url|domain,url|ip|domain|ssl_cert,https://urlscan.io/,free_key,free tier submission quota,active,yes,yes,,B,"Submitting a URL makes urlscan fetch it, so the target sees a request; worse, a scan left on the default public visibility becomes searchable by anyone, including the target. Use unlisted or private visibility deliberately, or do not submit. Public scans of a target submitted by others are themselves a signal that someone else is looking."
ViewDNS.info,infra,domain|ip|email,domain|subdomain|ip|netblock,https://viewdns.info/,free_key,free web tools are throttled; API needs a key,passive,yes,yes,,D,"Aggregator offering reverse IP, reverse WHOIS, reverse NS and DNS history in one place. Aggregation is not corroboration: a hit here repackages someone else collection and counts as one uncorroborated lead, not two agreeing sources. The underlying data is stale and partial - never present a reverse-IP result as a complete co-hosting list, and re-verify every hit against the registry or a primary passive-DNS source before it enters findings. The same site also hosts ping, traceroute, port scan and live DNS record tools; those are active and out of scope under a passive-only mandate even though this row is graded passive for the stored-data pivots."
WhoisXML API,infra,domain|ip|email|person_name,domain|ip|email|person_name|company|address,https://whoisxmlapi.com/,free_key,free tier is a small one-off credit allowance,passive,yes,yes,,D,"Bulk WHOIS, WHOIS history, reverse WHOIS and assorted DNS datasets behind a single key. Materially cheaper than DomainTools and adequate for generating leads, but the data is resold and re-normalised rather than observed first-hand. Aggregation is not corroboration: a field here and the same field at DomainTools may trace to one upstream collection, so agreement between them is not two independent sources. Cite the registry for anything that has to hold up."
AI or Not,media,photo|video,photo,https://www.aiornot.com,account,unknown,passive,yes,yes,,D,"Second classifier for AI-generated images, video and audio, carried only so that a detector result can be tested against an independently built one. Same ceiling as every source in this class: high error rates in both directions, and a score never carries a finding on its own. Disagreement with Hive AI-Generated Content Detection tells you the artifact is hard to classify and that provenance work must decide the case. Agreement is not corroboration - consumer detectors train on overlapping public corpora and fail on the same compressed, upscaled and re-encoded inputs, so they fail the independence tests in 41-confidence.md."
Baidu Images,media,photo|url,url|photo,https://image.baidu.com,none,unknown,passive,yes,no,Chinese-operated; queries and uploads are processed in China and subject to local content filtering.,C,"Distinct index and the only practical reverse image route into Chinese-language sites, Weibo, Baidu Tieba and Chinese e-commerce listings. Interface is Chinese-only and results are subject to domestic censorship, so absence of a result carries less weight than elsewhere."
Bing Visual Search,media,photo|url,url|photo,https://www.bing.com/images,none,unknown,passive,yes,yes,,B,"Distinct index with different crawl coverage from Google, and its region-of-interest crop tool makes it useful for querying one object inside a busy photo. Generally the weakest of the four major engines for exact-copy discovery but it surfaces pages the others miss often enough to justify the minute it takes."
c2patool,media,photo|video|document,person_name|company|url,https://github.com/contentauth/c2pa-rs,none,none - runs locally,passive,yes,yes,,A,"Reference command-line reader and writer for C2PA manifests, maintained by the Content Authenticity Initiative. Development moved out of the archived contentauth/c2patool repository into the cli directory of contentauth/c2pa-rs in December 2024, so older write-ups point at a read-only repo. Prefer it over the Content Credentials web verifier for case material: it runs locally and discloses nothing, and it prints the whole manifest chain - signing certificate, claim generator, declared actions and ingredient assets - rather than a summarised verdict. It also distinguishes the four outcomes that matter: no manifest, valid manifest with a recognised signer, valid signature from an unknown or self-signed signer, and a manifest whose asset hash no longer matches the bytes. Absence of a manifest is the normal case and means nothing."
Content Credentials,media,photo|video|document,person_name|company|url,https://contentcredentials.org,none,unknown,passive,yes,yes,,B,"Verification of C2PA content credentials, the cryptographically signed provenance manifest that some cameras, Adobe tools and generative models now embed. When a valid manifest is present it is strong evidence of origin and edit history, including whether a generative model produced or altered the asset. Absence proves nothing at all - most files have no manifest, and manifests are stripped by most platforms on upload and by any re-encode or screenshot."
ExifTool,media,photo|video|document,coordinates|person_name|email,https://exiftool.org,none,none - runs locally,passive,yes,yes,,A,"The reference metadata parser and the correct first step on any file, because it runs locally and discloses nothing. Extracts GPS coordinates, capture timestamp with offset, camera make, model and serial number, lens, editing software and history, and IPTC or XMP author and contact fields. Social platforms strip most of this on upload, so an image with intact EXIF probably did not come from a public post - which is itself a finding. Metadata is trivially forged: treat it as a claim by whoever last wrote the file, graded accordingly, and corroborate GPS against imagery."
ffmpeg,media,video,photo,https://ffmpeg.org,none,none - runs locally,passive,yes,yes,,A,"Local video toolkit, and the counterpart to ExifTool for moving images. Two jobs in this play: extract keyframes so a video becomes a set of stills that reverse image engines can actually search, and read container metadata with ffprobe - encoder handler, creation time (usually UTC and usually without an offset), rotation, stream layout and bitrate. Working on a copy already in evidence discloses nothing, which is the advantage over browser extensions that fetch frames from the hosting server. Container metadata after any platform upload describes that platform's encoder, not the recording device, so read it as a re-encode fingerprint rather than as capture data."
Forensically,media,photo,photo,https://29a.ch/photo-forensics/,none,none - runs client-side in the browser,passive,yes,yes,,B,"Browser-based image analysis suite: error level analysis, clone detection, noise analysis, luminance gradient, level sweep, principal component analysis, JPEG quantisation tables, thumbnail comparison, string extraction and a metadata reader including C2PA. Everything runs client-side and the image is never uploaded, which makes it the correct substitute for FotoForensics whenever the material is sensitive or the analysis itself must stay unobserved. The analyses carry the same interpretive hazards wherever they run: ELA and noise maps show compression and resampling history, not manipulation, and both mislead confidently on resized, screenshotted or platform-recompressed images. Treat every map as a lead that directs the next question, never as a conclusion."
FotoForensics,media,photo|url,coordinates,https://fotoforensics.com,none,Free tier limits and retention differ from paid; check current terms.,active,yes,yes,Uploads to the free tier are publicly viewable by other users of the service. Never upload case material or anything sensitive to the free tier.,B,"Error level analysis, JPEG quantisation table and thumbnail comparison, plus a metadata view. ELA is widely misread: it highlights differing compression history, not manipulation, and clean ELA does not mean authentic while noisy ELA does not mean edited. Its practical value is the quantisation table, which fingerprints the last encoder and can contradict a claim that a file came straight from a given camera or app. Marked active, not passive: free-tier uploads are added to a publicly browsable gallery, so submitting an image publishes it where the target or anyone else can see that it is being analysed. Use the paid tier or a local tool when the analysis itself must stay unobserved."
Google Lens,media,photo|url,url|photo|social_profile,https://lens.google,none,unknown,passive,yes,yes,,B,"Distinct index. Strongest at recognising objects, products, landmarks, plants and embedded text, and at semantically similar rather than identical images. Weak at finding an exact reposted crop. Also performs OCR on signage in the image, which frequently solves a geolocation faster than the image match does. Uploading evidence discloses it to a third party and it may be retained - archive locally first and consider whether the upload is acceptable for the case."
Hive AI-Generated Content Detection,media,photo|video,photo,https://hivemoderation.com,account,Free demo exists; volume use is paid - limits unknown.,passive,yes,yes,,D,"Classifier that scores whether an image or video was produced by a generative model. Treat every such detector as a weak signal only. Error rates are high in both directions: heavy compression, upscaling, denoising and phone beautification push authentic images toward a synthetic verdict, and current-generation models routinely evade detection. A detector score never carries a finding on its own - it directs where to look. AI or Not and Illuminarty are comparable services with different training data; disagreement between them is informative, agreement is not proof."
InVID WeVerify Verification Plugin,media,video|url|photo,photo|url,https://www.invid-project.eu/tools-and-services/invid-verification-plugin/,none,unknown,passive,yes,yes,,B,"Browser extension aimed at video verification: extracts keyframes from a video so they can be pushed into several reverse image engines at once, reads platform-side upload metadata, magnifies frames, and bundles a set of verification utilities. Keyframe extraction is the step that turns an unverifiable video into searchable stills. Platform API changes have repeatedly broken individual features, so confirm which modules still function. Extracting frames from a video hosted on target-controlled infrastructure fetches from that server and is not passive."
PimEyes,media,photo,url|photo,https://pimeyes.com,paid,Free tier shows matches without source URLs; export of URLs requires a paid plan.,passive,yes,yes,Face search is biometric processing. In the EU and UK it needs a lawful basis under GDPR and regulators have taken enforcement action against face search services; Illinois BIPA and comparable US state laws create private rights of action. Several jurisdictions effectively bar its use outside law enforcement. Confirm authority before running a query.,C,"Face search across crawled web images. Genuinely effective, which is exactly why it is legally and ethically constrained - do not use it on private individuals, and record the authority for every query. Matches are similarity scores not identifications: the false-positive rate on common facial types is real, and a match must be corroborated by an independent datapoint before it enters findings. The service offers a self-search and opt-out route, which makes it defensible for self-audit work."
TinEye,media,photo|url,url|photo,https://tineye.com,none,Web search is free; API access is paid - limits unknown.,passive,yes,no,,B,"Distinct index built for exact and edited copies rather than semantic similarity, and the only major engine that reliably sorts results by oldest first. That makes it the tool for establishing first appearance and provenance of an image, which is the actual question in most verification work. It will not find a different photo of the same scene, and its index is much smaller than Google or Yandex."
Yandex Images,media,photo|url,url|photo|social_profile,https://yandex.com/images,none,unknown,passive,yes,yes,Russian-operated. The uploaded image and the query are processed in Russia.,B,"Distinct index, and consistently the strongest of the general engines for faces and for near-duplicate crops, mirrored or lightly edited copies. Far better coverage of Russian, CIS and Eastern European sites including VK and Odnoklassniki. If you run only one reverse image engine you are wrong; if you run only two, this must be one of them."
EU Sanctions Map,sanctions,person_name|company,person_name|company|document,https://www.sanctionsmap.eu,none,unknown,passive,yes,no,"European Union. Presents EU restrictive measures organised by country regime with the underlying legal acts and indexes listed persons and entities. Member states implement and enforce nationally and several maintain additional national lists, so an EU-wide screen is not a member-state screen. The legally binding text is the Official Journal regulation, not this site.",C,"Use it to identify which regime and which legal act applies to a target, then read the regulation itself - aggregation is not corroboration and the Official Journal text is the citable primary. The machine-readable EU Consolidated Financial Sanctions List is distributed separately by the European Commission and has historically required a free registration to download - confirm the current access route before building anything against it. OpenSanctions carries a parsed copy of the EU list if the official feed is awkward to consume."
LSEG World-Check,sanctions,person_name|company,person_name|company|address|document,https://www.lseg.com/en/risk-intelligence/screening-solutions/world-check-kyc-screening,paid,unknown,passive,yes,yes,"Commercial risk intelligence, formerly Thomson Reuters World-Check, now part of LSEG Risk Intelligence. Contents are proprietary and licensed; profiles generally cannot be republished or shown to the subject, which matters when a finding has to be disclosed or defended. The product has a documented history of false positives and of subjects contesting entries.",D,"The de facto standard PEP and heightened-risk database in regulated KYC and AML work, and the reason a bank's screening result differs from an open-source screen on the same name. Listed here because a due-diligence report citing only free sources will be challenged by a compliance reviewer - not because its contents are verifiable from outside. Comparable products include Dow Jones Risk and Compliance, Moody's Grid and Sayari. It is a compiled secondary database and aggregation is not corroboration: treat every hit as an allegation requiring primary-source confirmation before it enters a finding. The endpoint recorded here is the product page; the database itself is behind a licence."
OFAC Sanctions List Search,sanctions,person_name|company|address|vessel|aircraft|crypto_address,person_name|company|address|vessel|aircraft|crypto_address|document,https://sanctionssearch.ofac.treas.gov,none,unknown,passive,yes,yes,"United States. Covers the Specially Designated Nationals list and OFAC's non-SDN lists including sectoral sanctions, foreign sanctions evaders and correspondent-account restrictions. US sanctions carry extraterritorial effect for USD-denominated transactions and US-origin goods, so a non-US practitioner still has to screen against them.",A,"Fuzzy name matching with a similarity score, plus aliases, dates and places of birth, passport and national identity numbers, vessel IMO numbers, aircraft tail numbers and cryptocurrency addresses attached to designated persons. The 50 Percent Rule means an entity owned 50 percent or more in aggregate by designated persons is blocked without appearing on the list at all - a clean screening hit is therefore not a clean file, and ownership analysis is mandatory. Machine-readable list files are published by OFAC."
OpenSanctions,sanctions,person_name|company|address|crypto_address|vessel,person_name|company|address|crypto_address|vessel|document,https://www.opensanctions.org,none,unknown,passive,yes,yes,"Consolidates sanctions lists from dozens of issuing bodies plus politically exposed person data, debarment lists and wanted-person notices. It is a derived dataset - legal effect always flows from the issuing authority's own list, so confirm any hit at the source before acting on it or putting it in a report.",D,"The practical way to screen one name against many regimes at once, including national lists that have no usable search interface of their own. PEP coverage is built largely from Wikidata plus curated national sources, so it is broad on national-level politicians and thin on regional officials, family members and close associates - which is exactly where PEP risk usually sits. Free for non-commercial use with bulk downloads and an API; commercial use is licensed. Entity resolution across lists is automated and produces both false merges and misses. Aggregation is not corroboration: cite the issuing authority's list, never this one."
UK OFSI Consolidated List,sanctions,person_name|company|vessel,person_name|company|address|vessel|document,https://www.gov.uk/government/organisations/office-of-financial-sanctions-implementation,none,unknown,passive,yes,yes,"United Kingdom. OFSI publishes the consolidated list of financial sanctions targets under UK autonomous regimes, which diverged from the EU list after Brexit - an entity can be listed in one and not the other, and assuming equivalence is a common compliance error. Trade sanctions are administered separately by the Department for Business and Trade.",A,"The consolidated list is published as downloadable files with aliases, dates of birth, passport numbers and the statutory regime under which each target is designated. OFSI also publishes enforcement penalties and general licences, which give useful context on how strictly a regime is actually applied. UK ownership and control rules parallel the OFAC 50 percent concept but are worded differently and have been litigated - do not assume the two tests give the same answer on the same structure."
UN Security Council Consolidated List,sanctions,person_name|company,person_name|company|address|document,https://main.un.org/securitycouncil/en/content/un-sc-consolidated-list,none,unknown,passive,yes,yes,"United Nations. Individuals and entities designated under Security Council sanctions committees. UN listings take legal effect through implementation into national law by member states, so the operative instrument is the national one. National and regional lists are almost always broader than the UN list.",A,"The narrative summaries of reasons published for many listings are unusually detailed, giving aliases, dates and places of birth, passport numbers, roles and known associates - genuine investigative content rather than just a name. Published in machine-readable form. Screening only against the UN list is insufficient for virtually every compliance obligation; treat it as a baseline, not a programme. The older www.un.org path redirects to the main.un.org host recorded here."
US Consolidated Screening List,sanctions,person_name|company|address,person_name|company|address|document,https://www.trade.gov/consolidated-screening-list,none,unknown,passive,yes,yes,"United States. Merges restricted-party lists from Treasury (OFAC), Commerce (Entity List, Denied Persons, Unverified List) and State (ITAR debarred, nonproliferation), which together are what a US exporter must screen against.",B,"One search covering export-control lists that OFAC's own tool does not include - the Commerce Entity List in particular catches technology-transfer risk that a purely financial sanctions screen misses entirely. Web search needs no login or key, so auth is none; the separate machine interface requires a free api.data.gov key. This is a consolidated convenience view and aggregation is not corroboration - every hit names its source list, the legal prohibition flows from that list and differs by list, and a Denied Persons hit is not an SDN hit. Read the field and confirm at the issuing agency."
World Bank Listing of Ineligible Firms and Individuals,sanctions,person_name|company|address,person_name|company|address|document,https://www.worldbank.org/en/projects-operations/procurement/debarred-firms,none,unknown,passive,yes,yes,"Debarment from World Bank-financed contracts, which is a procurement exclusion rather than a financial sanction. Cross-debarment agreements mean listings by the African Development Bank, Asian Development Bank, EBRD and Inter-American Development Bank are frequently mutually recognised - check those institutions as well as this one.",A,"Names firms and individuals debarred for fraud, corruption, collusion, coercion or obstruction, with the grounds, the country and the debarment period. A debarment is a finding by an adjudicative body following an investigation and is far stronger evidence than adverse media. Affiliates are commonly listed alongside the parent, which incidentally exposes group structure that no register discloses."
Bing,search,person_name|username|email|domain|company|url,url|document|social_profile,https://www.bing.com/,none,unattributed automated querying is blocked,passive,yes,yes,,C,"Different crawl and different ranking from Google - it routinely surfaces pages Google has dropped, and supports its own operator set. It is also the index behind DuckDuckGo and several other front ends, so agreement between those is correlation, not independent corroboration. The interface language and result set follow the requester apparent country."
Brave Search,search,person_name|username|domain|company|url,url|document|social_profile,https://search.brave.com/,none,unknown for the web interface; the separate API has a monthly free-tier cap,passive,yes,yes,,C,"Runs a genuinely independent index rather than reselling Bing, which makes it a real second opinion rather than a restyled one. The web interface needs no account. There is also a documented search API on a separate developer endpoint that requires a key - the practical option for scripted search that does not involve scraping a consumer engine."
DuckDuckGo,search,person_name|username|domain|company|url,url|document|social_profile,https://duckduckgo.com/,none,unknown,passive,yes,yes,,C,"No identity-linked query logging and no result personalisation, so two analysts get the same results - a real advantage when a finding has to be reproducible. The index is largely syndicated from Bing, so a DuckDuckGo result agreeing with a Bing result is one source seen twice, not corroboration. Bang syntax jumps straight into site-specific searches."
GitHub Gist,search,email|username|domain|subdomain|ip|company|url,username|email|domain|url|document|social_profile,https://gist.github.com,none,unknown,passive,yes,yes,"Content is user-published and attributable to a GitHub account rather than anonymous, but the author or a DMCA notice can remove it at any time - capture and hash anything you rely on at the moment you find it.",C,"GitHub's paste surface, and a heavier source of leaked configuration, tokens and internal hostnames than its reputation suggests, because developers use it for quick sharing outside a repository and outside whatever secret scanning covers the repository. The gap that matters: gists are a separate corpus from the repository code index, so a GitHub Code Search query never reaches them - discovery goes through a general engine's site: operator against the gist host, or through the search on the site itself. Secret gists are unlisted rather than private, are reachable by anyone holding the URL, and are not indexed, so absence proves nothing. Every gist is bound to an account, which makes the author an immediate pivot in a way an anonymous paste is not."
Google Search,search,person_name|username|email|phone|domain|company|url|address|crypto_address,url|document|social_profile|person_name,https://www.google.com/,none,unattributed automated querying triggers CAPTCHAs,passive,yes,yes,"Results vary by country domain and by inferred requester location; index coverage is filtered under local law, including right-to-be-forgotten delistings in the EU.",C,"Largest general index and the base for site:, inurl:, intext: and filetype: dorking. Results are personalised and not reproducible between analysts, so record the exact query string, the date, and an archived copy of every hit you rely on. Do not automate around the CAPTCHA - that is out of scope; use a paid programmable search or a different engine."
Intelligence X,search,email|domain|ip|username|phone|crypto_address,email|domain|ip|document|breach_record,https://intelx.io/,account,free tier shows truncated previews only,passive,yes,yes,EU-based operator. Its corpus includes leaked and breach-derived material; use of such material is restricted by CONTRACT refusal 6 and by data-protection law in most jurisdictions.,D,"Selector search across pastes, darkweb content, document leaks and historical web data. Legitimately useful for establishing that an identifier appears in publicly circulating data - which is an exposure finding. Treat a breach-derived hit as a lead about exposure, not as content to retrieve, quote or store. Graded D as an aggregator of third-party corpora of unknown handling: aggregation is not corroboration, and the same dump indexed here and elsewhere is one artefact counted twice."
Pastebin,search,email|username|domain|ip|crypto_address|phone,email|username|domain|ip|document,https://pastebin.com/,none,site search is limited; the scraping API requires a paid Pro account,passive,yes,yes,Pastes frequently contain credential dumps; use of non-public or purchased breach material is out of scope regardless of where it is hosted.,D,"Still the default drop site for configuration dumps, target lists and credential pastes. Its own search is weak - a site: query on a general engine or a paste-monitoring service works better. Unlisted pastes are never indexed, so coverage is partial by design and absence proves nothing. Content is anonymous user submission with no provenance of any kind."
PublicWWW,search,domain|url|email|crypto_address,domain|url,https://publicwww.com/,account,free tier returns a truncated result set,passive,yes,yes,,C,"Full-text search over the HTML, JavaScript and CSS source of crawled pages. Query an analytics or AdSense identifier, a distinctive favicon path, a wallet address or a unique code comment to surface sibling sites operated by the same party. The free tier truncates results severely and index freshness varies sharply with site popularity."
SearXNG,search,person_name|username|domain|company|url,url|document|social_profile,https://searx.space/,none,varies per instance,passive,yes,yes,Public instances are operated by unrelated third parties who see every query; self-host for sensitive work.,D,"Self-hostable metasearch that aggregates many engines and strips identifying request data. searx.space lists public instances with uptime and TLS grades. Best operational security per unit of effort for general search - but using someone else instance only moves the trust problem to that operator. Graded D as an aggregator: aggregation is not corroboration, and a SearXNG result is a relayed third-party hit that has to be re-checked at the engine that produced it or at the page itself before it can be cited."
Yandex,search,person_name|username|domain|url|photo,url|document|social_profile|photo,https://yandex.com/,none,heavy querying triggers CAPTCHAs,passive,yes,yes,Operated from Russia; queries and any account are subject to Russian jurisdiction. Consider what the query itself discloses before submitting a sensitive selector.,C,"Best general coverage of Russian-language and post-Soviet content, and its reverse image search consistently outperforms competitors on faces and unlabelled photographs. Weigh the operational exposure of the query against that coverage benefit before using it on a live case."
ADS-B Exchange,transport,aircraft|coordinates,aircraft|coordinates,https://www.adsbexchange.com,none,Public map is open; API and bulk historical access are commercial.,passive,yes,yes,,B,"The differentiator is that it has historically declined to filter aircraft on privacy or blocking lists, so government, military, law-enforcement surveillance and privately blocked business aircraft appear here when they are hidden on other trackers. That makes it the first tracker to check, not the last. Ownership changed in 2023 and API access moved to commercial terms - verify what remains freely available before building a workflow on it. Absence of a track usually means no receiver coverage or the transponder was off, not that the flight did not happen. The live map at globe.adsbexchange.com was reachable and open without an account at the time of check; the www homepage is marketing."
Equasis,transport,vessel|company,vessel|company|address,https://www.equasis.org,account,"Free registration required; intended for individual use, bulk extraction is not permitted.",passive,yes,yes,Operated on behalf of the European Commission and participating maritime administrations. Free to use after registration; terms restrict commercial redistribution.,A,"The single most valuable free vessel source for due diligence and sanctions work. Gives registered owner, ISM manager, commercial manager and beneficial owner where declared, along with flag history, classification society, and port state control inspection and detention records. Ownership layers plus a flag change plus a name change in a short window is the classic sanctions-evasion signature, and this is where you see all three. Company entries are the pivot into corporate registry work. Data quality depends on what was declared to the reporting bodies."
FAA Aircraft Registry,transport,aircraft,company|person_name|address|aircraft,https://registry.faa.gov,none,unknown,passive,yes,yes,"Covers US-registered aircraft only. Other countries maintain separate registries with different public access - some publish owner details, others do not.",A,"Primary government record for N-registered aircraft: registered owner name and address, make, model, serial number, airworthiness and registration dates. The gotcha that matters: a large share of business aircraft are registered to owner trustees or to single-purpose LLCs, so the registered owner is frequently a trust company or a shell, not the beneficial user. Pivot that name into corporate registry work rather than reporting it as the owner. Downloadable bulk registration files exist alongside the web lookup."
Flightradar24,transport,aircraft|coordinates,aircraft|coordinates,https://www.flightradar24.com,none,Free tier shows limited history; longer playback and data export require a subscription.,passive,yes,no,Some operators and jurisdictions restrict publication of specific aircraft movements; check before publishing.,B,"Largest crowdsourced ADS-B and MLAT receiver network with live and historical tracks, aircraft registration, type, operator and route history. Free history depth is short - the longer archive is the paid product. Honours aircraft blocking programmes, so exactly the aircraft an investigation cares about may be absent or unlabelled here while visible elsewhere. Coverage over oceans and in parts of Africa and Central Asia depends on satellite ADS-B, which is a paid data source."
MarineTraffic,transport,vessel|coordinates,vessel|coordinates|company|photo,https://www.marinetraffic.com,account,Free tier shows recent positions only; track history and route playback are paid.,passive,yes,no,,B,"Largest public AIS aggregator: live and historical positions, port calls, vessel particulars, IMO and MMSI numbers, and user-submitted photographs. Port call history is often more useful than the live position for establishing a pattern. AIS is self-reported and can be switched off, spoofed or set to a false identity - a gap in the track around a sanctioned port is a finding in itself, and identity spoofing between vessels sharing a name or MMSI is a known evasion technique. Terrestrial receiver coverage is coastal; open-ocean tracks depend on satellite AIS, which is the paid product. VesselFinder and FleetMon aggregate overlapping but not identical receiver networks - check a second one before concluding a vessel went dark."
OpenRailwayMap,transport,coordinates|address,coordinates,https://www.openrailwaymap.org,none,unknown,passive,yes,yes,Underlying data is ODbL licensed.,C,"Rendering of the railway tagging in OpenStreetMap: lines, gauge, electrification, signalling, sidings, yards and station infrastructure. Useful for confirming that a photographed track section matches a claimed location, for identifying industrial sidings serving a facility, and for reasoning about how material moves to a site. Completeness varies hugely by country because it depends on local mapping effort. There is no public equivalent of live flight or vessel tracking for freight rail in most countries."
OpenSky Network,transport,aircraft|coordinates,aircraft|coordinates,https://opensky-network.org,account,Free account required for API and historical data; quotas apply and differ for research users.,passive,yes,yes,Free use is for research and non-commercial purposes; commercial use requires a separate agreement.,B,"Research-operated ADS-B network with an unusually deep historical archive and programmatic access, which makes it the practical free option for reconstructing flights weeks or months back rather than tracking one now. Receiver coverage is concentrated in Europe and North America and is thin elsewhere. Data is raw position reports, so expect to do your own filtering and gap handling."
Planespotters,transport,aircraft,aircraft|company|photo,https://www.planespotters.net,none,unknown,passive,yes,no,,C,"Enthusiast-maintained registration and fleet database: serial number, build date, current and previous registrations, operators over time and dated photographs. The ownership and registration history is the useful part - it shows when an airframe changed hands or was re-registered in a different country, which is how leasing structures and sanctions evasion appear. Community-maintained, so corroborate against the national registry before treating an entry as fact."
UK MOT History,transport,vehicle_plate,vehicle_plate,https://www.gov.uk/check-mot-history,none,unknown,passive,yes,yes,Great Britain and Northern Ireland registered vehicles only. Returns no owner or keeper details - keeper data from DVLA is released only to parties with a statutory reasonable cause. Equivalent public services exist in some other countries and not in others; most of the EU releases nothing from a plate without legal process.,A,"Government record returning make, model, colour, fuel type, first registration date and the full annual test history including dates, pass or fail, recorded mileage and advisory notes. The mileage series is the investigative value: it shows annual usage and exposes odometer inconsistency, and the advisory text sometimes describes damage. The companion DVLA vehicle enquiry service on the same domain returns tax and MOT status from a plate. Neither returns a name or address, and no legitimate OSINT route turns a UK plate into a keeper identity."
Google Fact Check Explorer,search,person_name|company|url,url|document,https://toolbox.google.com/factcheck/explorer,none,unknown,passive,yes,no,,D,"Searches the ClaimReview markup that fact-checking organisations publish, so one query establishes whether a claim has already been adjudicated, by whom, and on what date. Use it to reach the fact-checker's evidence and the primary records they cite - never to adopt their verdict, because citing a fact-check that agrees with you is the same circular-reporting error as counting a wire story's ten republishers. Coverage skews English-language and to IFCN-signatory publishers, so absence of a fact-check is evidence about the corpus and not about the claim. Graded D as an index: grade the fact-check you land on, and cite the record it rests on."
Wikipedia,search,person_name|company|url|domain,url|document|person_name|company,https://www.wikipedia.org,none,unknown,passive,yes,yes,,D,"Never citable for a claim - cite the reference it cites, after reading that reference. The investigative value is the per-page revision history, an append-only dated record of when each sentence entered the article and which account added it, which is how citogenesis is detected: an unsourced claim added here, picked up by an outlet, then cited back into the article as independent corroboration. Compare the revision timestamp against the outlet publication date before counting them as two sources. Talk pages preserve the disputes the article text smooths over, and are often the fastest route to the strongest counter-argument."
Blockchair,crypto,crypto_address|tx_hash,crypto_address|tx_hash,https://blockchair.com,none,unknown,passive,yes,no,,B,"Multi-chain block explorer with one search box that runs a query across every chain it indexes at once - Bitcoin and several of its forks, Ethereum and a range of others; read the current chain list on the site rather than assuming coverage. That cross-chain search is the reason to reach for it first: an 0x address is simultaneously valid on every EVM chain and the same key controls it on all of them, so a single-chain explorer showing no activity establishes nothing. Use it to find which chains an address actually transacted on, then read the detail on that chain's own explorer. A WAF returns 401 to scripted requests, so it is not agent-fetchable; it loads normally in a browser."
Blockstream.info,crypto,crypto_address|tx_hash,crypto_address|tx_hash,https://blockstream.info,none,unknown,passive,yes,yes,,B,"Bitcoin block explorer operated by Blockstream on the open-source Esplora codebase, with separate views for testnet and the Liquid sidechain. It is the one Bitcoin explorer in this registry that answers plain scripted HTTP with no bot challenge, so it is what an agent can actually read; mempool.space is better for mempool and fee state but discourages programmatic volume. Shows inputs, outputs, spent status, script types and raw transaction bytes - the raw form matters because retrieving it lets you check the transaction hash yourself instead of trusting the indexer. It does no wallet clustering and applies no entity labels, which is a feature here: what it returns is a claim about the ledger and never about who controls an address."
OpenSea,crypto,crypto_address|username,crypto_address|username|url|social_profile,https://opensea.io,none,unknown,passive,yes,no,,C,"The largest NFT marketplace. Its investigative value is the profile layer rather than the art: an address with marketplace activity often has a profile carrying a chosen username, a bio and sometimes a linked website or social account, which turns a bare address into a named social lead worth pivoting to osint-identity. Holdings and transfer history are rendered from the chain and are as good as the chain; the profile fields are self-reported by whoever controls the address, are graded as self-report and never as identity, and can be set by an impersonator who registered a lookalike name. Holding a token is also not choosing it - anyone can send an NFT or token to any address, and spam airdrops are constant. Front end is a JavaScript application so it is not agent-fetchable; the documented API requires a key."
